{
  "type": "minecraft:chest",
  "pools": [
    {
      "rolls": 5,
      "bonus_rolls": 0.0,
      "entries": [
        {
          "type": "minecraft:item",
          "weight": 5,
          "name": "minecraft:gold_ingot",
          "functions": [
            {
              "function": "minecraft:set_count",
              "count": {
                "type": "minecraft:uniform",
                "min": 1.0,
                "max": 3.0
              },
              "add": false
            }
          ]
        },
        {
          "type": "minecraft:item",
          "weight": 5,
          "name": "minecraft:gold_nugget",
          "functions": [
            {
              "function": "minecraft:set_count",
              "count": {
                "type": "minecraft:uniform",
                "min": 2.0,
                "max": 4.0
              },
              "add": false
            }
          ]
        },
        {
          "type": "minecraft:item",
          "weight": 2,
          "name": "minecraft:bone",
          "functions": [
            {
              "function": "minecraft:set_count",
              "count": {
                "type": "minecraft:uniform",
                "min": 1.0,
                "max": 2.0
              },
              "add": false
            }
          ]
        },
        {
          "type": "minecraft:item",
          "weight": 2,
          "name": "minecraft:stick",
          "functions": [
            {
              "function": "minecraft:set_count",
              "count": {
                "type": "minecraft:uniform",
                "min": 1.0,
                "max": 2.0
              },
              "add": false
            }
          ]
        },
        {
          "type": "minecraft:item",
          "weight": 2,
          "name": "minecraft:flint",
          "functions": [
            {
              "function": "minecraft:set_count",
              "count": {
                "type": "minecraft:uniform",
                "min": 1.0,
                "max": 2.0
              },
              "add": false
            }
          ]
        },
        {
          "type": "minecraft:item",
          "weight": 2,
          "name": "minecraft:string",
          "functions": [
            {
              "function": "minecraft:set_count",
              "count": {
                "type": "minecraft:uniform",
                "min": 1.0,
                "max": 2.0
              },
              "add": false
            }
          ]
        },
        {
          "type": "minecraft:item",
          "name": "minecraft:bow",
          "functions": [
            {
              "function": "minecraft:enchant_with_levels",
              "levels": 2,
              "options": "#minecraft:on_random_loot"
            }
          ]
        },
        {
          "type": "minecraft:item",
          "name": "minecraft:stone_sword",
          "functions": [
            {
              "function": "minecraft:enchant_with_levels",
              "levels": 2,
              "options": "#minecraft:on_random_loot"
            }
          ]
        }
      ]
    },
    {
      "bonus_rolls": 0.0,
      "entries": [
        {
          "type": "minecraft:empty",
          "weight": 5
        },
        {
          "type": "minecraft:item",
          "name": "minecraft:golden_helmet"
        },
        {
          "type": "minecraft:item",
          "name": "minecraft:golden_chestplate"
        },
        {
          "type": "minecraft:item",
          "name": "minecraft:golden_leggings"
        },
        {
          "type": "minecraft:item",
          "name": "minecraft:golden_boots"
        },
        {
          "type": "minecraft:item",
          "name": "minecraft:golden_sword"
        }
      ],
      "rolls": 1.0
    },
    {
      "bonus_rolls": 0.0,
      "entries": [
        {
          "type": "minecraft:empty",
          "weight": 2
        },
        {
          "type": "minecraft:item",
          "name": "minecraft:skeleton_skull",
          "weight": 2
        },
        {
          "type": "minecraft:item",
          "name": "minecraft:skull_banner_pattern"
        }
      ],
      "rolls": 1.0
    },
    {
      "bonus_rolls": 0.0,
      "entries": [
        {
          "type": "minecraft:empty",
          "weight": 300
        },
        {
          "type": "minecraft:item",
          "name": "minecraft:rib_armor_trim_smithing_template"
        }
      ],
      "rolls": 1.0
    },
	{
      "bonus_rolls": 0.0,
      "entries": [
        {
          "type": "minecraft:item",
          "functions": [
            {
              "function": "minecraft:exploration_map",
              "decoration": "red_x",
              "destination": "nova_structures:nether_keep",
              "zoom": 4,
              "skip_existing_chunks": false
            },
            {
              "function": "minecraft:set_name",
              "name": "Nether keep Map"
            }
          ],
          "name": "minecraft:map"
        },
		{
          "type": "minecraft:item",
          "functions": [
            {
              "function": "minecraft:exploration_map",
              "decoration": "red_x",
              "destination": "nova_structures:nether_port",
              "zoom": 4,
              "skip_existing_chunks": false
            },
            {
              "function": "minecraft:set_name",
              "name": "Nether Port Map",
			  "weight": 3
            }
          ],
          "name": "minecraft:map"
        },
		{
          "type": "minecraft:item",
          "functions": [
            {
              "function": "minecraft:exploration_map",
              "decoration": "red_x",
              "destination": "nova_structures:nether_fortress",
              "zoom": 4,
              "skip_existing_chunks": false
            },
            {
              "function": "minecraft:set_name",
              "name": "Nether Fortress Map",
			  "weight": 2
            }
          ],
          "name": "minecraft:map"
        }
      ],
      "rolls": 1
    }
  ],
  "functions": [
    {
      "function": "minecraft:reference",
      "name": "nova_structures:loot_modifier"
    }
  ]
}