{
	"name": "minecraft:illager_mansion/illager_mansion_base",
  "elements": [
    {
      "element": {
        "element_type": "minecraft:feature_pool_element",
        "feature": "minecraft:illager_mansion_base",
        "projection": "rigid"
      },
      "weight": 6
    },
	{
      "weight": 1,
      "element": {
        "location": "minecraft:illager_mansion/mansion_house_lock",
        "processors": {
          "processors": []
        },
        "projection": "rigid",
        "element_type": "minecraft:single_pool_element"
      }
    }
  ],
  "fallback": "minecraft:illager_mansion/illager_mansion_base"
}