{
    "credit": "Made with Blockbench",
    "texture_size": [
        64,
        64
    ],
    "textures": {
        "0": "starlight/texture",
        "1": "starlight/spark",
        "2": "starlight/mini_wings",
        "3": "starlight/add_on",
        "particle": "starlight/texture"
    },
    "elements": [
        {
            "from": [
                8,
                0.25,
                4.12
            ],
            "to": [
                8,
                26.5,
                11.88
            ],
            "rotation": {
                "angle": 0,
                "axis": "y",
                "origin": [
                    8,
                    3.9375,
                    8
                ]
            },
            "faces": {
                "east": {
                    "uv": [
                        9.0625,
                        0,
                        10.875,
                        6
                    ],
                    "texture": "#0"
                },
                "west": {
                    "uv": [
                        10.875,
                        0,
                        9.0625,
                        6
                    ],
                    "texture": "#0"
                }
            }
        },
        {
            "from": [
                7.8,
                -3.75,
                -1
            ],
            "to": [
                8.2,
                14.25,
                17
            ],
            "rotation": {
                "angle": 0,
                "axis": "y",
                "origin": [
                    8,
                    5.25,
                    8
                ]
            },
            "faces": {
                "east": {
                    "uv": [
                        16,
                        0,
                        0,
                        16
                    ],
                    "texture": "#1"
                },
                "west": {
                    "uv": [
                        0,
                        0,
                        16,
                        16
                    ],
                    "texture": "#1"
                }
            }
        },
        {
            "from": [
                7.995,
                -1.455,
                7.575
            ],
            "to": [
                8.005,
                5.555,
                15.425
            ],
            "rotation": {
                "angle": -22.5,
                "axis": "x",
                "origin": [
                    8,
                    2.05,
                    11.5
                ]
            },
            "faces": {
                "east": {
                    "uv": [
                        0,
                        0,
                        16,
                        16
                    ],
                    "texture": "#2"
                },
                "west": {
                    "uv": [
                        16,
                        0,
                        0,
                        16
                    ],
                    "texture": "#2"
                }
            }
        },
        {
            "from": [
                7.945,
                -4.455,
                8.575
            ],
            "to": [
                8.055,
                2.555,
                16.425
            ],
            "rotation": {
                "angle": 45,
                "axis": "x",
                "origin": [
                    8.05,
                    -0.95,
                    12.5
                ]
            },
            "faces": {
                "east": {
                    "uv": [
                        0,
                        0,
                        16,
                        16
                    ],
                    "texture": "#2"
                },
                "west": {
                    "uv": [
                        16,
                        0,
                        0,
                        16
                    ],
                    "texture": "#2"
                }
            }
        },
        {
            "from": [
                7.995,
                -1.455,
                0.575
            ],
            "to": [
                8.005,
                5.555,
                8.425
            ],
            "rotation": {
                "angle": 22.5,
                "axis": "x",
                "origin": [
                    8,
                    2.05,
                    4.5
                ]
            },
            "faces": {
                "east": {
                    "uv": [
                        16,
                        0,
                        0,
                        16
                    ],
                    "texture": "#2"
                },
                "west": {
                    "uv": [
                        0,
                        0,
                        16,
                        16
                    ],
                    "texture": "#2"
                }
            }
        },
        {
            "from": [
                7.945,
                -4.455,
                -0.425
            ],
            "to": [
                8.055,
                2.555,
                7.425
            ],
            "rotation": {
                "angle": -45,
                "axis": "x",
                "origin": [
                    8.05,
                    -0.95,
                    3.5
                ]
            },
            "faces": {
                "east": {
                    "uv": [
                        16,
                        0,
                        0,
                        16
                    ],
                    "texture": "#2"
                },
                "west": {
                    "uv": [
                        0,
                        0,
                        16,
                        16
                    ],
                    "texture": "#2"
                }
            }
        },
        {
            "from": [
                7.9,
                -0.955,
                8.575
            ],
            "to": [
                8.1,
                6.055,
                16.425
            ],
            "rotation": {
                "angle": 0,
                "axis": "x",
                "origin": [
                    8.05,
                    2.55,
                    12.5
                ]
            },
            "faces": {
                "east": {
                    "uv": [
                        0,
                        0.05,
                        16,
                        16
                    ],
                    "texture": "#3"
                },
                "west": {
                    "uv": [
                        16,
                        0.05,
                        0,
                        16
                    ],
                    "texture": "#3"
                }
            }
        },
        {
            "from": [
                7.9,
                -0.955,
                -0.425
            ],
            "to": [
                8.1,
                6.055,
                7.425
            ],
            "rotation": {
                "angle": 0,
                "axis": "x",
                "origin": [
                    8.005,
                    2.55,
                    3.5
                ]
            },
            "faces": {
                "east": {
                    "uv": [
                        16,
                        0.05,
                        0,
                        16
                    ],
                    "texture": "#3"
                },
                "west": {
                    "uv": [
                        0,
                        0.05,
                        16,
                        16
                    ],
                    "texture": "#3"
                }
            }
        },
        {
            "from": [
                7.595,
                1.05725,
                9.33466
            ],
            "to": [
                8.405,
                1.80725,
                10.13466
            ],
            "rotation": {
                "angle": 45,
                "axis": "x",
                "origin": [
                    8,
                    4.9375,
                    8
                ]
            },
            "faces": {
                "north": {
                    "uv": [
                        7.5,
                        4,
                        7.6875,
                        4.1875
                    ],
                    "texture": "#0"
                },
                "east": {
                    "uv": [
                        2.5,
                        7.25,
                        2.6875,
                        7.4375
                    ],
                    "texture": "#0"
                },
                "south": {
                    "uv": [
                        7.5,
                        3,
                        7.6875,
                        3.1875
                    ],
                    "texture": "#0"
                },
                "west": {
                    "uv": [
                        7.5,
                        3.5,
                        7.6875,
                        3.6875
                    ],
                    "texture": "#0"
                },
                "up": {
                    "uv": [
                        6.6875,
                        7.6875,
                        6.5,
                        7.5
                    ],
                    "rotation": 90,
                    "texture": "#0"
                },
                "down": {
                    "uv": [
                        7.1875,
                        7.5,
                        7,
                        7.6875
                    ],
                    "rotation": 270,
                    "texture": "#0"
                }
            }
        },
        {
            "from": [
                7.6,
                0.25,
                6.2
            ],
            "to": [
                8.4,
                1.25,
                7
            ],
            "rotation": {
                "angle": 0,
                "axis": "y",
                "origin": [
                    8,
                    4.9375,
                    8
                ]
            },
            "faces": {
                "north": {
                    "uv": [
                        5.5,
                        6.75,
                        5.6875,
                        7
                    ],
                    "texture": "#0"
                },
                "east": {
                    "uv": [
                        2.5,
                        6.75,
                        2.6875,
                        7
                    ],
                    "texture": "#0"
                },
                "south": {
                    "uv": [
                        6.75,
                        4.5,
                        6.9375,
                        4.75
                    ],
                    "texture": "#0"
                },
                "west": {
                    "uv": [
                        5,
                        6.75,
                        5.1875,
                        7
                    ],
                    "texture": "#0"
                },
                "up": {
                    "uv": [
                        7.6875,
                        7.6875,
                        7.5,
                        7.5
                    ],
                    "rotation": 90,
                    "texture": "#0"
                },
                "down": {
                    "uv": [
                        7.9375,
                        0,
                        7.75,
                        0.1875
                    ],
                    "rotation": 270,
                    "texture": "#0"
                }
            }
        },
        {
            "from": [
                7.5,
                0.37334,
                4.40946
            ],
            "to": [
                8.5,
                1.37334,
                5.40946
            ],
            "rotation": {
                "angle": -22.5,
                "axis": "x",
                "origin": [
                    8,
                    4.9375,
                    8
                ]
            },
            "faces": {
                "north": {
                    "uv": [
                        6.25,
                        6,
                        6.5,
                        6.25
                    ],
                    "texture": "#0"
                },
                "east": {
                    "uv": [
                        6.25,
                        3.5,
                        6.5,
                        3.75
                    ],
                    "texture": "#0"
                },
                "south": {
                    "uv": [
                        6.25,
                        4,
                        6.5,
                        4.25
                    ],
                    "texture": "#0"
                },
                "west": {
                    "uv": [
                        6.25,
                        4.5,
                        6.5,
                        4.75
                    ],
                    "texture": "#0"
                },
                "up": {
                    "uv": [
                        3.25,
                        6.75,
                        3,
                        6.5
                    ],
                    "rotation": 90,
                    "texture": "#0"
                },
                "down": {
                    "uv": [
                        6.75,
                        5,
                        6.5,
                        5.25
                    ],
                    "rotation": 270,
                    "texture": "#0"
                }
            }
        },
        {
            "from": [
                7.4,
                0.97901,
                2.62729
            ],
            "to": [
                8.6,
                2.47901,
                4.12729
            ],
            "rotation": {
                "angle": -45,
                "axis": "x",
                "origin": [
                    8,
                    4.9375,
                    8
                ]
            },
            "faces": {
                "north": {
                    "uv": [
                        5.5,
                        1.5,
                        5.8125,
                        1.875
                    ],
                    "texture": "#0"
                },
                "east": {
                    "uv": [
                        2.25,
                        4.5,
                        2.625,
                        4.875
                    ],
                    "texture": "#0"
                },
                "south": {
                    "uv": [
                        5.5,
                        0.75,
                        5.8125,
                        1.125
                    ],
                    "texture": "#0"
                },
                "west": {
                    "uv": [
                        4.75,
                        0,
                        5.125,
                        0.375
                    ],
                    "texture": "#0"
                },
                "up": {
                    "uv": [
                        5.875,
                        2.5625,
                        5.5,
                        2.25
                    ],
                    "rotation": 90,
                    "texture": "#0"
                },
                "down": {
                    "uv": [
                        5.875,
                        3,
                        5.5,
                        3.3125
                    ],
                    "rotation": 270,
                    "texture": "#0"
                }
            }
        },
        {
            "from": [
                7.6,
                1.20902,
                4.27153
            ],
            "to": [
                8.4,
                2.70902,
                5.77153
            ],
            "rotation": {
                "angle": -45,
                "axis": "x",
                "origin": [
                    7.95,
                    4.9375,
                    8
                ]
            },
            "faces": {
                "north": {
                    "uv": [
                        6.75,
                        6.75,
                        6.875,
                        7.125
                    ],
                    "texture": "#0"
                },
                "east": {
                    "uv": [
                        4.75,
                        0.75,
                        5.125,
                        1.125
                    ],
                    "texture": "#0"
                },
                "south": {
                    "uv": [
                        6.75,
                        6,
                        6.875,
                        6.375
                    ],
                    "texture": "#0"
                },
                "west": {
                    "uv": [
                        4.75,
                        1.5,
                        5.125,
                        1.875
                    ],
                    "texture": "#0"
                },
                "up": {
                    "uv": [
                        7.375,
                        1.625,
                        7,
                        1.5
                    ],
                    "rotation": 90,
                    "texture": "#0"
                },
                "down": {
                    "uv": [
                        7.375,
                        2,
                        7,
                        2.125
                    ],
                    "rotation": 270,
                    "texture": "#0"
                }
            }
        },
        {
            "from": [
                7.675,
                -0.0247,
                7.25
            ],
            "to": [
                8.325,
                1.4753,
                8.75
            ],
            "rotation": {
                "angle": 0,
                "axis": "z",
                "origin": [
                    8,
                    4.9375,
                    8
                ]
            },
            "faces": {
                "north": {
                    "uv": [
                        3,
                        7,
                        3.125,
                        7.375
                    ],
                    "texture": "#0"
                },
                "east": {
                    "uv": [
                        4.75,
                        2.25,
                        5.125,
                        2.625
                    ],
                    "texture": "#0"
                },
                "south": {
                    "uv": [
                        7,
                        2.5,
                        7.125,
                        2.875
                    ],
                    "texture": "#0"
                },
                "west": {
                    "uv": [
                        4.75,
                        3,
                        5.125,
                        3.375
                    ],
                    "texture": "#0"
                },
                "up": {
                    "uv": [
                        7.375,
                        5.125,
                        7,
                        5
                    ],
                    "rotation": 90,
                    "texture": "#0"
                },
                "down": {
                    "uv": [
                        7.375,
                        5.5,
                        7,
                        5.625
                    ],
                    "rotation": 270,
                    "texture": "#0"
                }
            }
        },
        {
            "from": [
                7.325,
                -6.36,
                7.25
            ],
            "to": [
                8.675,
                -4.86,
                8.75
            ],
            "rotation": {
                "angle": 0,
                "axis": "z",
                "origin": [
                    8,
                    4.9375,
                    8
                ]
            },
            "faces": {
                "north": {
                    "uv": [
                        7,
                        2.5,
                        7.125,
                        2.875
                    ],
                    "rotation": 180,
                    "texture": "#0"
                },
                "east": {
                    "uv": [
                        4.75,
                        2.25,
                        5.125,
                        2.625
                    ],
                    "rotation": 180,
                    "texture": "#0"
                },
                "south": {
                    "uv": [
                        3,
                        7,
                        3.125,
                        7.375
                    ],
                    "rotation": 180,
                    "texture": "#0"
                },
                "west": {
                    "uv": [
                        4.75,
                        3,
                        5.125,
                        3.375
                    ],
                    "rotation": 180,
                    "texture": "#0"
                },
                "up": {
                    "uv": [
                        7.375,
                        5.5,
                        7,
                        5.625
                    ],
                    "rotation": 270,
                    "texture": "#0"
                },
                "down": {
                    "uv": [
                        7.375,
                        5.125,
                        7,
                        5
                    ],
                    "rotation": 90,
                    "texture": "#0"
                }
            }
        },
        {
            "from": [
                7.7,
                0.64004,
                8.63201
            ],
            "to": [
                8.3,
                2.14004,
                9.28201
            ],
            "rotation": {
                "angle": 22.5,
                "axis": "x",
                "origin": [
                    8,
                    4.9375,
                    8
                ]
            },
            "faces": {
                "north": {
                    "uv": [
                        0,
                        7.25,
                        0.125,
                        7.625
                    ],
                    "texture": "#0"
                },
                "east": {
                    "uv": [
                        5.25,
                        6,
                        5.4375,
                        6.375
                    ],
                    "texture": "#0"
                },
                "south": {
                    "uv": [
                        6,
                        7,
                        6.125,
                        7.375
                    ],
                    "texture": "#0"
                },
                "west": {
                    "uv": [
                        5.75,
                        6,
                        5.9375,
                        6.375
                    ],
                    "texture": "#0"
                },
                "up": {
                    "uv": [
                        8.1875,
                        7.125,
                        8,
                        7
                    ],
                    "rotation": 90,
                    "texture": "#0"
                },
                "down": {
                    "uv": [
                        7.4375,
                        8,
                        7.25,
                        8.125
                    ],
                    "rotation": 270,
                    "texture": "#0"
                }
            }
        },
        {
            "from": [
                7.7,
                0.64004,
                6.71799
            ],
            "to": [
                8.3,
                2.14004,
                7.36799
            ],
            "rotation": {
                "angle": -22.5,
                "axis": "x",
                "origin": [
                    8,
                    4.9375,
                    8
                ]
            },
            "faces": {
                "north": {
                    "uv": [
                        0.5,
                        7.25,
                        0.625,
                        7.625
                    ],
                    "texture": "#0"
                },
                "east": {
                    "uv": [
                        6.25,
                        0,
                        6.4375,
                        0.375
                    ],
                    "texture": "#0"
                },
                "south": {
                    "uv": [
                        7.25,
                        0,
                        7.375,
                        0.375
                    ],
                    "texture": "#0"
                },
                "west": {
                    "uv": [
                        6.25,
                        0.75,
                        6.4375,
                        1.125
                    ],
                    "texture": "#0"
                },
                "up": {
                    "uv": [
                        8.1875,
                        7.625,
                        8,
                        7.5
                    ],
                    "rotation": 90,
                    "texture": "#0"
                },
                "down": {
                    "uv": [
                        7.9375,
                        8,
                        7.75,
                        8.125
                    ],
                    "rotation": 270,
                    "texture": "#0"
                }
            }
        },
        {
            "from": [
                7.695,
                2.59895,
                5.66145
            ],
            "to": [
                8.305,
                3.27895,
                6.34145
            ],
            "rotation": {
                "angle": -45,
                "axis": "x",
                "origin": [
                    8,
                    4.9375,
                    8
                ]
            },
            "faces": {
                "north": {
                    "uv": [
                        8.25,
                        0.5,
                        8.375,
                        0.6875
                    ],
                    "texture": "#0"
                },
                "east": {
                    "uv": [
                        7.75,
                        0.5,
                        7.9375,
                        0.6875
                    ],
                    "texture": "#0"
                },
                "south": {
                    "uv": [
                        8.25,
                        0,
                        8.375,
                        0.1875
                    ],
                    "texture": "#0"
                },
                "west": {
                    "uv": [
                        1,
                        7.75,
                        1.1875,
                        7.9375
                    ],
                    "texture": "#0"
                },
                "up": {
                    "uv": [
                        1.1875,
                        8.375,
                        1,
                        8.25
                    ],
                    "rotation": 90,
                    "texture": "#0"
                },
                "down": {
                    "uv": [
                        8.4375,
                        1,
                        8.25,
                        1.125
                    ],
                    "rotation": 270,
                    "texture": "#0"
                }
            }
        },
        {
            "from": [
                7.6,
                -4.5,
                7.6
            ],
            "to": [
                8.4,
                -1.25,
                8.4
            ],
            "rotation": {
                "angle": 0,
                "axis": "y",
                "origin": [
                    8,
                    4.9375,
                    8
                ]
            },
            "faces": {
                "north": {
                    "uv": [
                        1.75,
                        4.5,
                        1.9375,
                        5.3125
                    ],
                    "texture": "#0"
                },
                "east": {
                    "uv": [
                        4.25,
                        1.25,
                        4.4375,
                        2.0625
                    ],
                    "texture": "#0"
                },
                "south": {
                    "uv": [
                        4.25,
                        2.5,
                        4.4375,
                        3.3125
                    ],
                    "texture": "#0"
                },
                "west": {
                    "uv": [
                        4.25,
                        3.75,
                        4.4375,
                        4.5625
                    ],
                    "texture": "#0"
                },
                "up": {
                    "uv": [
                        7.9375,
                        1.1875,
                        7.75,
                        1
                    ],
                    "rotation": 90,
                    "texture": "#0"
                },
                "down": {
                    "uv": [
                        1.6875,
                        7.75,
                        1.5,
                        7.9375
                    ],
                    "rotation": 270,
                    "texture": "#0"
                }
            }
        },
        {
            "from": [
                7.35,
                -1.4,
                7.25
            ],
            "to": [
                8.65,
                -0.6,
                8.75
            ],
            "rotation": {
                "angle": 0,
                "axis": "z",
                "origin": [
                    8,
                    4.9375,
                    8
                ]
            },
            "faces": {
                "north": {
                    "uv": [
                        6.75,
                        3.5,
                        7.0625,
                        3.6875
                    ],
                    "texture": "#0"
                },
                "east": {
                    "uv": [
                        6.25,
                        1.5,
                        6.625,
                        1.6875
                    ],
                    "texture": "#0"
                },
                "south": {
                    "uv": [
                        3.5,
                        6.75,
                        3.8125,
                        6.9375
                    ],
                    "texture": "#0"
                },
                "west": {
                    "uv": [
                        6.25,
                        2,
                        6.625,
                        2.1875
                    ],
                    "texture": "#0"
                },
                "up": {
                    "uv": [
                        5.875,
                        4.0625,
                        5.5,
                        3.75
                    ],
                    "rotation": 90,
                    "texture": "#0"
                },
                "down": {
                    "uv": [
                        5.875,
                        4.5,
                        5.5,
                        4.8125
                    ],
                    "rotation": 270,
                    "texture": "#0"
                }
            }
        },
        {
            "from": [
                7.45,
                -2.1,
                7.45
            ],
            "to": [
                8.55,
                -1.6,
                8.55
            ],
            "rotation": {
                "angle": 0,
                "axis": "y",
                "origin": [
                    8,
                    4.9375,
                    8
                ]
            },
            "faces": {
                "north": {
                    "uv": [
                        5,
                        7.25,
                        5.3125,
                        7.375
                    ],
                    "texture": "#0"
                },
                "east": {
                    "uv": [
                        3.5,
                        7.25,
                        3.8125,
                        7.375
                    ],
                    "texture": "#0"
                },
                "south": {
                    "uv": [
                        4.25,
                        7.25,
                        4.5625,
                        7.375
                    ],
                    "texture": "#0"
                },
                "west": {
                    "uv": [
                        7.25,
                        4.5,
                        7.5625,
                        4.625
                    ],
                    "texture": "#0"
                },
                "up": {
                    "uv": [
                        0.3125,
                        6.3125,
                        0,
                        6
                    ],
                    "rotation": 90,
                    "texture": "#0"
                },
                "down": {
                    "uv": [
                        1.0625,
                        6,
                        0.75,
                        6.3125
                    ],
                    "rotation": 270,
                    "texture": "#0"
                }
            }
        },
        {
            "from": [
                7.35,
                -5.3,
                7.25
            ],
            "to": [
                8.65,
                -4.5,
                8.75
            ],
            "rotation": {
                "angle": 0,
                "axis": "z",
                "origin": [
                    8,
                    4.9375,
                    8
                ]
            },
            "faces": {
                "north": {
                    "uv": [
                        4.25,
                        6.75,
                        4.5625,
                        6.9375
                    ],
                    "texture": "#0"
                },
                "east": {
                    "uv": [
                        6.25,
                        2.5,
                        6.625,
                        2.6875
                    ],
                    "texture": "#0"
                },
                "south": {
                    "uv": [
                        6.75,
                        4,
                        7.0625,
                        4.1875
                    ],
                    "texture": "#0"
                },
                "west": {
                    "uv": [
                        6.25,
                        3,
                        6.625,
                        3.1875
                    ],
                    "texture": "#0"
                },
                "up": {
                    "uv": [
                        3.375,
                        6.0625,
                        3,
                        5.75
                    ],
                    "rotation": 90,
                    "texture": "#0"
                },
                "down": {
                    "uv": [
                        6.125,
                        5.25,
                        5.75,
                        5.5625
                    ],
                    "rotation": 270,
                    "texture": "#0"
                }
            }
        },
        {
            "from": [
                7.45,
                -4.3,
                7.45
            ],
            "to": [
                8.55,
                -3.8,
                8.55
            ],
            "rotation": {
                "angle": 0,
                "axis": "y",
                "origin": [
                    8,
                    4.9375,
                    8
                ]
            },
            "faces": {
                "north": {
                    "uv": [
                        7.5,
                        2.5,
                        7.8125,
                        2.625
                    ],
                    "texture": "#0"
                },
                "east": {
                    "uv": [
                        7.25,
                        6,
                        7.5625,
                        6.125
                    ],
                    "texture": "#0"
                },
                "south": {
                    "uv": [
                        7.25,
                        6.5,
                        7.5625,
                        6.625
                    ],
                    "texture": "#0"
                },
                "west": {
                    "uv": [
                        7.25,
                        7,
                        7.5625,
                        7.125
                    ],
                    "texture": "#0"
                },
                "up": {
                    "uv": [
                        1.8125,
                        6.3125,
                        1.5,
                        6
                    ],
                    "rotation": 90,
                    "texture": "#0"
                },
                "down": {
                    "uv": [
                        2.5625,
                        6,
                        2.25,
                        6.3125
                    ],
                    "rotation": 270,
                    "texture": "#0"
                }
            }
        },
        {
            "from": [
                7.2,
                -3.26364,
                -0.20114
            ],
            "to": [
                8.8,
                -1.76364,
                1.29886
            ],
            "rotation": {
                "angle": -45,
                "axis": "x",
                "origin": [
                    8,
                    4.9375,
                    8
                ]
            },
            "faces": {
                "north": {
                    "uv": [
                        4.25,
                        5.25,
                        4.625,
                        5.625
                    ],
                    "texture": "#0"
                },
                "east": {
                    "uv": [
                        4.75,
                        3.75,
                        5.125,
                        4.125
                    ],
                    "texture": "#0"
                },
                "south": {
                    "uv": [
                        4.75,
                        4.5,
                        5.125,
                        4.875
                    ],
                    "texture": "#0"
                },
                "west": {
                    "uv": [
                        2.25,
                        5.25,
                        2.625,
                        5.625
                    ],
                    "texture": "#0"
                },
                "up": {
                    "uv": [
                        5.375,
                        5.625,
                        5,
                        5.25
                    ],
                    "rotation": 90,
                    "texture": "#0"
                },
                "down": {
                    "uv": [
                        5.875,
                        0,
                        5.5,
                        0.375
                    ],
                    "rotation": 270,
                    "texture": "#0"
                }
            }
        },
        {
            "from": [
                7.595,
                2.685,
                1.27882
            ],
            "to": [
                8.405,
                3.435,
                2.07882
            ],
            "rotation": {
                "angle": -45,
                "axis": "x",
                "origin": [
                    8,
                    4.9375,
                    8
                ]
            },
            "faces": {
                "north": {
                    "uv": [
                        2.5,
                        7.75,
                        2.6875,
                        7.9375
                    ],
                    "texture": "#0"
                },
                "east": {
                    "uv": [
                        7.75,
                        1.5,
                        7.9375,
                        1.6875
                    ],
                    "texture": "#0"
                },
                "south": {
                    "uv": [
                        2,
                        7.75,
                        2.1875,
                        7.9375
                    ],
                    "texture": "#0"
                },
                "west": {
                    "uv": [
                        7.75,
                        2,
                        7.9375,
                        2.1875
                    ],
                    "texture": "#0"
                },
                "up": {
                    "uv": [
                        3.1875,
                        7.9375,
                        3,
                        7.75
                    ],
                    "rotation": 90,
                    "texture": "#0"
                },
                "down": {
                    "uv": [
                        3.6875,
                        7.75,
                        3.5,
                        7.9375
                    ],
                    "rotation": 270,
                    "texture": "#0"
                }
            }
        },
        {
            "from": [
                7.6,
                -1.40784,
                4.84016
            ],
            "to": [
                8.4,
                -0.60784,
                5.84016
            ],
            "rotation": {
                "angle": 0,
                "axis": "z",
                "origin": [
                    8,
                    4.9375,
                    8
                ]
            },
            "faces": {
                "north": {
                    "uv": [
                        4.5,
                        7.75,
                        4.6875,
                        7.9375
                    ],
                    "texture": "#0"
                },
                "east": {
                    "uv": [
                        7.25,
                        0.75,
                        7.5,
                        0.9375
                    ],
                    "texture": "#0"
                },
                "south": {
                    "uv": [
                        4,
                        7.75,
                        4.1875,
                        7.9375
                    ],
                    "texture": "#0"
                },
                "west": {
                    "uv": [
                        1,
                        7.25,
                        1.25,
                        7.4375
                    ],
                    "texture": "#0"
                },
                "up": {
                    "uv": [
                        1.75,
                        7.4375,
                        1.5,
                        7.25
                    ],
                    "rotation": 90,
                    "texture": "#0"
                },
                "down": {
                    "uv": [
                        2.25,
                        7.25,
                        2,
                        7.4375
                    ],
                    "rotation": 270,
                    "texture": "#0"
                }
            }
        },
        {
            "from": [
                7.5,
                -0.23203,
                3.49862
            ],
            "to": [
                8.5,
                0.76797,
                4.49862
            ],
            "rotation": {
                "angle": -22.5,
                "axis": "x",
                "origin": [
                    8,
                    4.9375,
                    8
                ]
            },
            "faces": {
                "north": {
                    "uv": [
                        6.75,
                        0,
                        7,
                        0.25
                    ],
                    "texture": "#0"
                },
                "east": {
                    "uv": [
                        6.5,
                        5.5,
                        6.75,
                        5.75
                    ],
                    "texture": "#0"
                },
                "south": {
                    "uv": [
                        6.25,
                        6.5,
                        6.5,
                        6.75
                    ],
                    "texture": "#0"
                },
                "west": {
                    "uv": [
                        0,
                        6.75,
                        0.25,
                        7
                    ],
                    "texture": "#0"
                },
                "up": {
                    "uv": [
                        0.75,
                        7,
                        0.5,
                        6.75
                    ],
                    "rotation": 90,
                    "texture": "#0"
                },
                "down": {
                    "uv": [
                        7,
                        0.5,
                        6.75,
                        0.75
                    ],
                    "rotation": 270,
                    "texture": "#0"
                }
            }
        },
        {
            "from": [
                7.75,
                0.5,
                7.12
            ],
            "to": [
                8.25,
                16.75,
                8.88
            ],
            "rotation": {
                "angle": 0,
                "axis": "y",
                "origin": [
                    8,
                    4.9375,
                    8
                ]
            },
            "faces": {
                "north": {
                    "uv": [
                        3.75,
                        1.25,
                        3.8125,
                        5.3125
                    ],
                    "texture": "#0"
                },
                "east": {
                    "uv": [
                        1.75,
                        0,
                        2.1875,
                        4.0625
                    ],
                    "texture": "#0"
                },
                "south": {
                    "uv": [
                        3.25,
                        1.25,
                        3.3125,
                        5.3125
                    ],
                    "texture": "#0"
                },
                "west": {
                    "uv": [
                        2.1875,
                        0,
                        1.75,
                        4.0625
                    ],
                    "texture": "#0"
                },
                "up": {
                    "uv": [
                        6.9375,
                        8.0625,
                        6.5,
                        8
                    ],
                    "rotation": 90,
                    "texture": "#0"
                },
                "down": {
                    "uv": [
                        8.4375,
                        6.5,
                        8,
                        6.5625
                    ],
                    "rotation": 270,
                    "texture": "#0"
                }
            }
        },
        {
            "from": [
                7.745,
                12.6652,
                15.7277
            ],
            "to": [
                8.255,
                13.9152,
                16.9777
            ],
            "rotation": {
                "angle": -45,
                "axis": "x",
                "origin": [
                    8,
                    4.9375,
                    8
                ]
            },
            "faces": {
                "north": {
                    "uv": [
                        8.25,
                        1.5,
                        8.3125,
                        1.8125
                    ],
                    "texture": "#0"
                },
                "east": {
                    "uv": [
                        3.75,
                        6,
                        4.0625,
                        6.3125
                    ],
                    "texture": "#0"
                },
                "south": {
                    "uv": [
                        1.5,
                        8.25,
                        1.5625,
                        8.5625
                    ],
                    "texture": "#0"
                },
                "west": {
                    "uv": [
                        4.5,
                        6,
                        4.8125,
                        6.3125
                    ],
                    "texture": "#0"
                },
                "up": {
                    "uv": [
                        2.3125,
                        8.3125,
                        2,
                        8.25
                    ],
                    "rotation": 90,
                    "texture": "#0"
                },
                "down": {
                    "uv": [
                        8.5625,
                        2.25,
                        8.25,
                        2.3125
                    ],
                    "rotation": 270,
                    "texture": "#0"
                }
            }
        },
        {
            "from": [
                7.64,
                3.52556,
                6.58806
            ],
            "to": [
                8.36,
                4.57556,
                7.63806
            ],
            "rotation": {
                "angle": -45,
                "axis": "x",
                "origin": [
                    8,
                    4.9375,
                    8
                ]
            },
            "faces": {
                "north": {
                    "uv": [
                        7.75,
                        5,
                        7.875,
                        5.25
                    ],
                    "texture": "#0"
                },
                "east": {
                    "uv": [
                        1,
                        6.75,
                        1.25,
                        7
                    ],
                    "texture": "#0"
                },
                "south": {
                    "uv": [
                        5,
                        7.75,
                        5.125,
                        8
                    ],
                    "texture": "#0"
                },
                "west": {
                    "uv": [
                        6.75,
                        1,
                        7,
                        1.25
                    ],
                    "texture": "#0"
                },
                "up": {
                    "uv": [
                        5.75,
                        7.875,
                        5.5,
                        7.75
                    ],
                    "rotation": 90,
                    "texture": "#0"
                },
                "down": {
                    "uv": [
                        8,
                        5.5,
                        7.75,
                        5.625
                    ],
                    "rotation": 270,
                    "texture": "#0"
                }
            }
        },
        {
            "from": [
                7.6715,
                4.49851,
                7.561
            ],
            "to": [
                8.3285,
                4.97451,
                8.037
            ],
            "rotation": {
                "angle": -45,
                "axis": "x",
                "origin": [
                    8,
                    4.9375,
                    8
                ]
            },
            "faces": {
                "north": {
                    "uv": [
                        8.25,
                        5.5,
                        8.3125,
                        5.625
                    ],
                    "texture": "#0"
                },
                "east": {
                    "uv": [
                        2.75,
                        8.25,
                        2.875,
                        8.375
                    ],
                    "texture": "#0"
                },
                "south": {
                    "uv": [
                        5.25,
                        8.25,
                        5.3125,
                        8.375
                    ],
                    "texture": "#0"
                },
                "west": {
                    "uv": [
                        3.25,
                        8.25,
                        3.375,
                        8.375
                    ],
                    "texture": "#0"
                },
                "up": {
                    "uv": [
                        5.875,
                        8.3125,
                        5.75,
                        8.25
                    ],
                    "rotation": 90,
                    "texture": "#0"
                },
                "down": {
                    "uv": [
                        8.375,
                        8,
                        8.25,
                        8.0625
                    ],
                    "rotation": 270,
                    "texture": "#0"
                }
            }
        },
        {
            "from": [
                7.675,
                3.49453,
                7.79406
            ],
            "to": [
                8.325,
                4.54453,
                8.24906
            ],
            "rotation": {
                "angle": 22.5,
                "axis": "x",
                "origin": [
                    8,
                    4.9375,
                    8
                ]
            },
            "faces": {
                "north": {
                    "uv": [
                        4.25,
                        8.25,
                        4.3125,
                        8.5
                    ],
                    "texture": "#0"
                },
                "east": {
                    "uv": [
                        6,
                        7.75,
                        6.125,
                        8
                    ],
                    "texture": "#0"
                },
                "south": {
                    "uv": [
                        3.75,
                        8.25,
                        3.8125,
                        8.5
                    ],
                    "texture": "#0"
                },
                "west": {
                    "uv": [
                        0,
                        8,
                        0.125,
                        8.25
                    ],
                    "texture": "#0"
                },
                "up": {
                    "uv": [
                        0.125,
                        8.5625,
                        0,
                        8.5
                    ],
                    "rotation": 90,
                    "texture": "#0"
                },
                "down": {
                    "uv": [
                        0.625,
                        8.5,
                        0.5,
                        8.5625
                    ],
                    "rotation": 270,
                    "texture": "#0"
                }
            }
        },
        {
            "from": [
                7.675,
                3.49453,
                7.75094
            ],
            "to": [
                8.325,
                4.54453,
                8.20594
            ],
            "rotation": {
                "angle": -22.5,
                "axis": "x",
                "origin": [
                    8,
                    4.9375,
                    8
                ]
            },
            "faces": {
                "north": {
                    "uv": [
                        8.25,
                        5,
                        8.3125,
                        5.25
                    ],
                    "texture": "#0"
                },
                "east": {
                    "uv": [
                        0.5,
                        8,
                        0.625,
                        8.25
                    ],
                    "texture": "#0"
                },
                "south": {
                    "uv": [
                        4.75,
                        8.25,
                        4.8125,
                        8.5
                    ],
                    "texture": "#0"
                },
                "west": {
                    "uv": [
                        8,
                        3,
                        8.125,
                        3.25
                    ],
                    "texture": "#0"
                },
                "up": {
                    "uv": [
                        8.625,
                        2.8125,
                        8.5,
                        2.75
                    ],
                    "rotation": 90,
                    "texture": "#0"
                },
                "down": {
                    "uv": [
                        8.625,
                        3.25,
                        8.5,
                        3.3125
                    ],
                    "rotation": 270,
                    "texture": "#0"
                }
            }
        },
        {
            "from": [
                7.6575,
                3.21,
                7.525
            ],
            "to": [
                8.3425,
                4.16,
                8.475
            ],
            "rotation": {
                "angle": 0,
                "axis": "z",
                "origin": [
                    8,
                    4.9375,
                    8
                ]
            },
            "faces": {
                "north": {
                    "uv": [
                        8,
                        4,
                        8.125,
                        4.25
                    ],
                    "texture": "#0"
                },
                "east": {
                    "uv": [
                        1.5,
                        6.75,
                        1.75,
                        7
                    ],
                    "texture": "#0"
                },
                "south": {
                    "uv": [
                        8,
                        3.5,
                        8.125,
                        3.75
                    ],
                    "texture": "#0"
                },
                "west": {
                    "uv": [
                        2,
                        6.75,
                        2.25,
                        7
                    ],
                    "texture": "#0"
                },
                "up": {
                    "uv": [
                        8.25,
                        4.625,
                        8,
                        4.5
                    ],
                    "rotation": 90,
                    "texture": "#0"
                },
                "down": {
                    "uv": [
                        8.25,
                        6,
                        8,
                        6.125
                    ],
                    "rotation": 270,
                    "texture": "#0"
                }
            }
        },
        {
            "from": [
                7.94,
                22.62556,
                6.58806
            ],
            "to": [
                8.06,
                23.67556,
                7.63806
            ],
            "rotation": {
                "angle": -45,
                "axis": "x",
                "origin": [
                    8,
                    24.0375,
                    8
                ]
            },
            "faces": {
                "north": {
                    "uv": [
                        7.75,
                        5,
                        7.875,
                        5.25
                    ],
                    "texture": "#0"
                },
                "east": {
                    "uv": [
                        7.375,
                        1,
                        7.125,
                        1.25
                    ],
                    "texture": "#0"
                },
                "south": {
                    "uv": [
                        5,
                        7.75,
                        5.125,
                        8
                    ],
                    "texture": "#0"
                },
                "west": {
                    "uv": [
                        7.125,
                        1,
                        7.375,
                        1.25
                    ],
                    "texture": "#0"
                },
                "up": {
                    "uv": [
                        5.75,
                        7.875,
                        5.5,
                        7.75
                    ],
                    "rotation": 90,
                    "texture": "#0"
                },
                "down": {
                    "uv": [
                        8,
                        5.5,
                        7.75,
                        5.625
                    ],
                    "rotation": 270,
                    "texture": "#0"
                }
            }
        },
        {
            "from": [
                7.9575,
                22.31,
                7.525
            ],
            "to": [
                8.0425,
                23.26,
                8.475
            ],
            "rotation": {
                "angle": 0,
                "axis": "z",
                "origin": [
                    8,
                    24.0375,
                    8
                ]
            },
            "faces": {
                "north": {
                    "uv": [
                        8,
                        4,
                        8.125,
                        4.25
                    ],
                    "texture": "#0"
                },
                "east": {
                    "uv": [
                        1.5,
                        6.75,
                        1.75,
                        7
                    ],
                    "texture": "#0"
                },
                "south": {
                    "uv": [
                        8,
                        3.5,
                        8.125,
                        3.75
                    ],
                    "texture": "#0"
                },
                "west": {
                    "uv": [
                        2,
                        6.75,
                        2.25,
                        7
                    ],
                    "texture": "#0"
                },
                "up": {
                    "uv": [
                        8.25,
                        4.625,
                        8,
                        4.5
                    ],
                    "rotation": 90,
                    "texture": "#0"
                },
                "down": {
                    "uv": [
                        8.25,
                        6,
                        8,
                        6.125
                    ],
                    "rotation": 270,
                    "texture": "#0"
                }
            }
        },
        {
            "from": [
                8,
                -8.5,
                5.62
            ],
            "to": [
                8,
                -5.25,
                10.38
            ],
            "rotation": {
                "angle": 0,
                "axis": "z",
                "origin": [
                    8,
                    4.9375,
                    8
                ]
            },
            "faces": {
                "east": {
                    "uv": [
                        0,
                        8.6875,
                        1.1875,
                        9.5
                    ],
                    "texture": "#0"
                },
                "west": {
                    "uv": [
                        0,
                        8.6875,
                        1.1875,
                        9.5
                    ],
                    "texture": "#0"
                }
            }
        },
        {
            "from": [
                7.595,
                1.05725,
                5.86534
            ],
            "to": [
                8.405,
                1.80725,
                6.66534
            ],
            "rotation": {
                "angle": -45,
                "axis": "x",
                "origin": [
                    8,
                    4.9375,
                    8
                ]
            },
            "faces": {
                "north": {
                    "uv": [
                        7.6875,
                        3,
                        7.5,
                        3.1875
                    ],
                    "texture": "#0"
                },
                "east": {
                    "uv": [
                        2.6875,
                        7.25,
                        2.5,
                        7.4375
                    ],
                    "texture": "#0"
                },
                "south": {
                    "uv": [
                        7.6875,
                        4,
                        7.5,
                        4.1875
                    ],
                    "texture": "#0"
                },
                "west": {
                    "uv": [
                        7.6875,
                        3.5,
                        7.5,
                        3.6875
                    ],
                    "texture": "#0"
                },
                "up": {
                    "uv": [
                        6.5,
                        7.6875,
                        6.6875,
                        7.5
                    ],
                    "rotation": 90,
                    "texture": "#0"
                },
                "down": {
                    "uv": [
                        7,
                        7.5,
                        7.1875,
                        7.6875
                    ],
                    "rotation": 270,
                    "texture": "#0"
                }
            }
        },
        {
            "from": [
                7.6,
                0.25,
                9
            ],
            "to": [
                8.4,
                1.25,
                9.8
            ],
            "rotation": {
                "angle": 0,
                "axis": "y",
                "origin": [
                    8,
                    4.9375,
                    8
                ]
            },
            "faces": {
                "north": {
                    "uv": [
                        6.9375,
                        4.5,
                        6.75,
                        4.75
                    ],
                    "texture": "#0"
                },
                "east": {
                    "uv": [
                        2.6875,
                        6.75,
                        2.5,
                        7
                    ],
                    "texture": "#0"
                },
                "south": {
                    "uv": [
                        5.6875,
                        6.75,
                        5.5,
                        7
                    ],
                    "texture": "#0"
                },
                "west": {
                    "uv": [
                        5.1875,
                        6.75,
                        5,
                        7
                    ],
                    "texture": "#0"
                },
                "up": {
                    "uv": [
                        7.5,
                        7.6875,
                        7.6875,
                        7.5
                    ],
                    "rotation": 90,
                    "texture": "#0"
                },
                "down": {
                    "uv": [
                        7.75,
                        0,
                        7.9375,
                        0.1875
                    ],
                    "rotation": 270,
                    "texture": "#0"
                }
            }
        },
        {
            "from": [
                7.5,
                0.37334,
                10.59054
            ],
            "to": [
                8.5,
                1.37334,
                11.59054
            ],
            "rotation": {
                "angle": 22.5,
                "axis": "x",
                "origin": [
                    8,
                    4.9375,
                    8
                ]
            },
            "faces": {
                "north": {
                    "uv": [
                        6.5,
                        4,
                        6.25,
                        4.25
                    ],
                    "texture": "#0"
                },
                "east": {
                    "uv": [
                        6.5,
                        3.5,
                        6.25,
                        3.75
                    ],
                    "texture": "#0"
                },
                "south": {
                    "uv": [
                        6.5,
                        6,
                        6.25,
                        6.25
                    ],
                    "texture": "#0"
                },
                "west": {
                    "uv": [
                        6.5,
                        4.5,
                        6.25,
                        4.75
                    ],
                    "texture": "#0"
                },
                "up": {
                    "uv": [
                        3,
                        6.75,
                        3.25,
                        6.5
                    ],
                    "rotation": 90,
                    "texture": "#0"
                },
                "down": {
                    "uv": [
                        6.5,
                        5,
                        6.75,
                        5.25
                    ],
                    "rotation": 270,
                    "texture": "#0"
                }
            }
        },
        {
            "from": [
                7.4,
                0.97901,
                11.87271
            ],
            "to": [
                8.6,
                2.47901,
                13.37271
            ],
            "rotation": {
                "angle": 45,
                "axis": "x",
                "origin": [
                    8,
                    4.9375,
                    8
                ]
            },
            "faces": {
                "north": {
                    "uv": [
                        5.8125,
                        0.75,
                        5.5,
                        1.125
                    ],
                    "texture": "#0"
                },
                "east": {
                    "uv": [
                        2.625,
                        4.5,
                        2.25,
                        4.875
                    ],
                    "texture": "#0"
                },
                "south": {
                    "uv": [
                        5.8125,
                        1.5,
                        5.5,
                        1.875
                    ],
                    "texture": "#0"
                },
                "west": {
                    "uv": [
                        5.125,
                        0,
                        4.75,
                        0.375
                    ],
                    "texture": "#0"
                },
                "up": {
                    "uv": [
                        5.5,
                        2.5625,
                        5.875,
                        2.25
                    ],
                    "rotation": 90,
                    "texture": "#0"
                },
                "down": {
                    "uv": [
                        5.5,
                        3,
                        5.875,
                        3.3125
                    ],
                    "rotation": 270,
                    "texture": "#0"
                }
            }
        },
        {
            "from": [
                7.5,
                -0.23203,
                11.50138
            ],
            "to": [
                8.5,
                0.76797,
                12.50138
            ],
            "rotation": {
                "angle": 22.5,
                "axis": "x",
                "origin": [
                    8,
                    4.9375,
                    8
                ]
            },
            "faces": {
                "north": {
                    "uv": [
                        6.5,
                        6.5,
                        6.25,
                        6.75
                    ],
                    "texture": "#0"
                },
                "east": {
                    "uv": [
                        6.75,
                        5.5,
                        6.5,
                        5.75
                    ],
                    "texture": "#0"
                },
                "south": {
                    "uv": [
                        7,
                        0,
                        6.75,
                        0.25
                    ],
                    "texture": "#0"
                },
                "west": {
                    "uv": [
                        0.25,
                        6.75,
                        0,
                        7
                    ],
                    "texture": "#0"
                },
                "up": {
                    "uv": [
                        0.5,
                        7,
                        0.75,
                        6.75
                    ],
                    "rotation": 90,
                    "texture": "#0"
                },
                "down": {
                    "uv": [
                        6.75,
                        0.5,
                        7,
                        0.75
                    ],
                    "rotation": 270,
                    "texture": "#0"
                }
            }
        },
        {
            "from": [
                7.6,
                -1.40784,
                10.15984
            ],
            "to": [
                8.4,
                -0.60784,
                11.15984
            ],
            "rotation": {
                "angle": 0,
                "axis": "z",
                "origin": [
                    8,
                    4.9375,
                    8
                ]
            },
            "faces": {
                "north": {
                    "uv": [
                        4.1875,
                        7.75,
                        4,
                        7.9375
                    ],
                    "texture": "#0"
                },
                "east": {
                    "uv": [
                        7.5,
                        0.75,
                        7.25,
                        0.9375
                    ],
                    "texture": "#0"
                },
                "south": {
                    "uv": [
                        4.6875,
                        7.75,
                        4.5,
                        7.9375
                    ],
                    "texture": "#0"
                },
                "west": {
                    "uv": [
                        1.25,
                        7.25,
                        1,
                        7.4375
                    ],
                    "texture": "#0"
                },
                "up": {
                    "uv": [
                        1.5,
                        7.4375,
                        1.75,
                        7.25
                    ],
                    "rotation": 90,
                    "texture": "#0"
                },
                "down": {
                    "uv": [
                        2,
                        7.25,
                        2.25,
                        7.4375
                    ],
                    "rotation": 270,
                    "texture": "#0"
                }
            }
        },
        {
            "from": [
                7.595,
                2.685,
                13.92118
            ],
            "to": [
                8.405,
                3.435,
                14.72118
            ],
            "rotation": {
                "angle": 45,
                "axis": "x",
                "origin": [
                    8,
                    4.9375,
                    8
                ]
            },
            "faces": {
                "north": {
                    "uv": [
                        2.1875,
                        7.75,
                        2,
                        7.9375
                    ],
                    "texture": "#0"
                },
                "east": {
                    "uv": [
                        7.9375,
                        1.5,
                        7.75,
                        1.6875
                    ],
                    "texture": "#0"
                },
                "south": {
                    "uv": [
                        2.6875,
                        7.75,
                        2.5,
                        7.9375
                    ],
                    "texture": "#0"
                },
                "west": {
                    "uv": [
                        7.9375,
                        2,
                        7.75,
                        2.1875
                    ],
                    "texture": "#0"
                },
                "up": {
                    "uv": [
                        3,
                        7.9375,
                        3.1875,
                        7.75
                    ],
                    "rotation": 90,
                    "texture": "#0"
                },
                "down": {
                    "uv": [
                        3.5,
                        7.75,
                        3.6875,
                        7.9375
                    ],
                    "rotation": 270,
                    "texture": "#0"
                }
            }
        },
        {
            "from": [
                7.8,
                -3.505,
                3.125
            ],
            "to": [
                8.2,
                1.255,
                6.375
            ],
            "rotation": {
                "angle": 0,
                "axis": "z",
                "origin": [
                    8,
                    4.9375,
                    8
                ]
            },
            "faces": {
                "east": {
                    "uv": [
                        3.25,
                        0,
                        4.4375,
                        0.8125
                    ],
                    "rotation": 270,
                    "texture": "#0"
                },
                "west": {
                    "uv": [
                        4.4375,
                        0,
                        3.25,
                        0.8125
                    ],
                    "rotation": 90,
                    "texture": "#0"
                }
            }
        },
        {
            "from": [
                7.8,
                -3.505,
                9.625
            ],
            "to": [
                8.2,
                1.255,
                12.875
            ],
            "rotation": {
                "angle": 0,
                "axis": "z",
                "origin": [
                    8,
                    4.9375,
                    8
                ]
            },
            "faces": {
                "east": {
                    "uv": [
                        3.25,
                        0.8125,
                        4.4375,
                        0
                    ],
                    "rotation": 270,
                    "texture": "#0"
                },
                "west": {
                    "uv": [
                        4.4375,
                        0.8125,
                        3.25,
                        0
                    ],
                    "rotation": 90,
                    "texture": "#0"
                }
            }
        }
    ],
    "gui_light": "front",
    "display": {
        "thirdperson_righthand": {
            "translation": [
                0,
                11.25,
                1.25
            ],
            "scale": [
                1.2,
                1.2,
                1.2
            ]
        },
        "thirdperson_lefthand": {
            "translation": [
                0,
                11.25,
                1.25
            ],
            "scale": [
                1.2,
                1.2,
                1.2
            ]
        },
        "firstperson_righthand": {
            "rotation": [
                2.28,
                -9.11,
                4.91
            ],
            "translation": [
                2.25,
                10,
                0.25
            ]
        },
        "firstperson_lefthand": {
            "rotation": [
                2.28,
                -9.11,
                4.91
            ],
            "translation": [
                2.25,
                10,
                0.25
            ]
        },
        "ground": {
            "rotation": [
                0,
                0,
                149
            ],
            "translation": [
                0,
                6.25,
                0
            ],
            "scale": [
                0.7,
                0.7,
                0.7
            ]
        },
        "gui": {
            "rotation": [
                -90,
                45,
                90
            ],
            "translation": [
                0.5,
                -0.5,
                0
            ],
            "scale": [
                0.64,
                0.64,
                0.64
            ]
        },
        "head": {
            "scale": [
                0.01,
                0.01,
                0.01
            ]
        },
        "fixed": {
            "rotation": [
                0,
                90,
                0
            ],
            "translation": [
                0,
                14,
                -1.75
            ],
            "scale": [
                3,
                3,
                3
            ]
        }
    },
    "groups": [
        {
            "name": "sword",
            "origin": [
                4.5,
                -0.875,
                8
            ],
            "color": 0,
            "nbt": "{}",
            "children": [
                0,
                1,
                2,
                3,
                4,
                5,
                6,
                7,
                8,
                9,
                10,
                11,
                12,
                13,
                14,
                15,
                16,
                17,
                18,
                19,
                20,
                21,
                22,
                23,
                24,
                25,
                26,
                27,
                28,
                29,
                30,
                31,
                32,
                33,
                34,
                35,
                36,
                37,
                38,
                39,
                40,
                41,
                42,
                43,
                44,
                45
            ]
        }
    ]
}