{
	"credit": "Made with Blockbench",
	"texture_size": [48, 48],
	"textures": {
		"0": "starlight/wings_animated",
		"2": "starlight/wings_texture",
		"3": "starlight/spark",
		"4": "starlight/add_on",
		"particle": "starlight/wings_animated"
	},
	"elements": [
		{
			"from": [8.76601, 2.42451, 7.5],
			"to": [9.76601, 3.42451, 8.5],
			"rotation": {"angle": 22.5, "axis": "z", "origin": [14.949, 2.92816, 9.96125]},
			"faces": {
				"north": {"uv": [7, 4.66667, 6.66667, 5], "texture": "#2"},
				"east": {"uv": [5.66667, 8.66667, 5.33333, 9], "texture": "#2"},
				"south": {"uv": [9, 4, 8.66667, 4.33333], "texture": "#2"},
				"west": {"uv": [9, 3.33333, 8.66667, 3.66667], "texture": "#2"},
				"up": {"uv": [8.66667, 6.33333, 9, 6], "texture": "#2"},
				"down": {"uv": [7.33333, 8.66667, 7.66667, 9], "texture": "#2"}
			}
		},
		{
			"from": [9.2, 1, 7.6],
			"to": [10, 2, 8.4],
			"rotation": {"angle": 0, "axis": "z", "origin": [14.949, 2.92816, 9.96125]},
			"faces": {
				"north": {"uv": [9.25, 8, 9, 8.33333], "texture": "#2"},
				"east": {"uv": [9.58333, 2, 9.33333, 2.33333], "texture": "#2"},
				"south": {"uv": [9.58333, 1.33333, 9.33333, 1.66667], "texture": "#2"},
				"west": {"uv": [9.25, 8.66667, 9, 9], "texture": "#2"},
				"up": {"uv": [10, 3.58333, 10.25, 3.33333], "texture": "#2"},
				"down": {"uv": [10, 4, 10.25, 4.25], "texture": "#2"}
			}
		},
		{
			"from": [11.54015, -1.79331, 7.595],
			"to": [12.34015, -1.04331, 8.405],
			"rotation": {"angle": -45, "axis": "z", "origin": [14.949, 2.92816, 9.96125]},
			"faces": {
				"north": {"uv": [5.58333, 10, 5.33333, 10.25], "texture": "#2"},
				"east": {"uv": [9.91667, 10, 9.66667, 10.25], "texture": "#2"},
				"south": {"uv": [10.25, 9.33333, 10, 9.58333], "texture": "#2"},
				"west": {"uv": [9.25, 10, 9, 10.25], "texture": "#2"},
				"up": {"uv": [10.33333, 0.91667, 10.58333, 0.66667], "texture": "#2"},
				"down": {"uv": [10.33333, 4.66667, 10.58333, 4.91667], "texture": "#2"}
			}
		},
		{
			"from": [7.77974, 4.47129, 8],
			"to": [28.57974, 25.22129, 8],
			"rotation": {"angle": 22.5, "axis": "z", "origin": [18.17974, 14.84629, 8]},
			"faces": {
				"north": {"uv": [0, 0, 16, 16], "texture": "#0"},
				"south": {"uv": [0, 16, 16, 0], "rotation": 180, "texture": "#0"}
			}
		},
		{
			"from": [10.77974, -2.52871, 8],
			"to": [31.57974, 18.22129, 8],
			"rotation": {"angle": -22.5, "axis": "y", "origin": [11.17974, 1.34629, 8]},
			"faces": {
				"north": {"uv": [0, 0, 16, 16], "texture": "#0"},
				"south": {"uv": [0, 16, 16, 0], "rotation": 180, "texture": "#0"}
			}
		},
		{
			"from": [10.77974, -0.52871, 8],
			"to": [31.57974, 20.22129, 8],
			"rotation": {"angle": -45, "axis": "z", "origin": [11.17974, 3.34629, 8]},
			"faces": {
				"north": {"uv": [0, 0, 16, 16], "texture": "#0"},
				"south": {"uv": [0, 16, 16, 0], "rotation": 180, "texture": "#0"}
			}
		},
		{
			"from": [-15.57974, -0.52871, 8],
			"to": [5.22026, 20.22129, 8],
			"rotation": {"angle": 45, "axis": "z", "origin": [4.82026, 3.34629, 8]},
			"faces": {
				"north": {"uv": [16, 0, 0, 16], "texture": "#0"},
				"south": {"uv": [16, 16, 0, 0], "rotation": 180, "texture": "#0"}
			}
		},
		{
			"from": [-12.57974, 4.47129, 8],
			"to": [8.22026, 25.22129, 8],
			"rotation": {"angle": -22.5, "axis": "z", "origin": [-2.17974, 14.84629, 8]},
			"faces": {
				"north": {"uv": [16, 0, 0, 16], "texture": "#0"},
				"south": {"uv": [16, 16, 0, 0], "rotation": 180, "texture": "#0"}
			}
		},
		{
			"from": [-15.57974, -2.52871, 8],
			"to": [5.22026, 18.22129, 8],
			"rotation": {"angle": 22.5, "axis": "y", "origin": [4.82026, 1.34629, 8]},
			"faces": {
				"north": {"uv": [16, 0, 0, 16], "texture": "#0"},
				"south": {"uv": [16, 16, 0, 0], "rotation": 180, "texture": "#0"}
			}
		},
		{
			"from": [8.73507, 3.71318, 7.4],
			"to": [10.23507, 5.21318, 8.6],
			"rotation": {"angle": 45, "axis": "z", "origin": [14.949, 2.92816, 9.96125]},
			"faces": {
				"north": {"uv": [5.83333, 5.33333, 5.33333, 5.83333], "texture": "#2"},
				"east": {"uv": [8.08333, 0, 7.66667, 0.5], "texture": "#2"},
				"south": {"uv": [5.83333, 6.33333, 5.33333, 6.83333], "texture": "#2"},
				"west": {"uv": [7.75, 6.66667, 7.33333, 7.16667], "texture": "#2"},
				"up": {"uv": [7.66667, 1.41667, 8.16667, 1], "texture": "#2"},
				"down": {"uv": [7.33333, 7.66667, 7.83333, 8.08333], "texture": "#2"}
			}
		},
		{
			"from": [11.78434, 4.0392, 7.7],
			"to": [13.28434, 5.5392, 8.3],
			"rotation": {"angle": 22.5, "axis": "z", "origin": [15.949, 3.17816, 9.96125]},
			"faces": {
				"north": {"uv": [6.83333, 5.33333, 6.33333, 5.83333], "texture": "#2"},
				"east": {"uv": [9.5, 3.66667, 9.33333, 4.16667], "texture": "#2"},
				"south": {"uv": [6.83333, 6.33333, 6.33333, 6.83333], "texture": "#2"},
				"west": {"uv": [9.5, 2.66667, 9.33333, 3.16667], "texture": "#2"},
				"up": {"uv": [9.33333, 4.83333, 9.83333, 4.66667], "texture": "#2"},
				"down": {"uv": [5.33333, 9.33333, 5.83333, 9.5], "texture": "#2"}
			}
		},
		{
			"from": [12.50767, 2.95394, 7.75],
			"to": [13.15767, 4.45394, 8.25],
			"rotation": {"angle": 0, "axis": "z", "origin": [15.949, 3.17816, 9.96125]},
			"faces": {
				"north": {"uv": [8.91667, 1.33333, 8.66667, 1.83333], "texture": "#2"},
				"east": {"uv": [7.16667, 9.33333, 7, 9.83333], "texture": "#2"},
				"south": {"uv": [8.91667, 2.33333, 8.66667, 2.83333], "texture": "#2"},
				"west": {"uv": [6.5, 9.33333, 6.33333, 9.83333], "texture": "#2"},
				"up": {"uv": [10.33333, 6.83333, 10.58333, 6.66667], "texture": "#2"},
				"down": {"uv": [7.33333, 10.33333, 7.58333, 10.5], "texture": "#2"}
			}
		},
		{
			"from": [13.17426, 5.42913, 7.745],
			"to": [13.85426, 6.10913, 8.255],
			"rotation": {"angle": 22.5, "axis": "z", "origin": [15.949, 3.17816, 9.96125]},
			"faces": {
				"north": {"uv": [10.58333, 5.33333, 10.33333, 5.58333], "texture": "#2"},
				"east": {"uv": [8.16667, 10.33333, 8, 10.58333], "texture": "#2"},
				"south": {"uv": [6.25, 10.33333, 6, 10.58333], "texture": "#2"},
				"west": {"uv": [10.5, 7.33333, 10.33333, 7.58333], "texture": "#2"},
				"up": {"uv": [10.33333, 8.16667, 10.58333, 8], "texture": "#2"},
				"down": {"uv": [10.33333, 8.66667, 10.58333, 8.83333], "texture": "#2"}
			}
		},
		{
			"from": [11.64529, 1.15281, 7.725],
			"to": [13.14529, 2.65281, 8.275],
			"rotation": {"angle": -22.5, "axis": "z", "origin": [15.949, 3.17816, 9.96125]},
			"faces": {
				"north": {"uv": [7.16667, 0, 6.66667, 0.5], "texture": "#2"},
				"east": {"uv": [8.5, 9.33333, 8.33333, 9.83333], "texture": "#2"},
				"south": {"uv": [7.16667, 1, 6.66667, 1.5], "texture": "#2"},
				"west": {"uv": [7.83333, 9.33333, 7.66667, 9.83333], "texture": "#2"},
				"up": {"uv": [9, 9.5, 9.5, 9.33333], "texture": "#2"},
				"down": {"uv": [9.66667, 0, 10.16667, 0.16667], "texture": "#2"}
			}
		},
		{
			"from": [5.37499, -3.20834, 7.9],
			"to": [19.62499, 11.04166, 8.15],
			"rotation": {"angle": -45, "axis": "z", "origin": [12.49999, 3.91666, 8.025]},
			"faces": {
				"north": {"uv": [0, 10.08333, 4.75, 5.33333], "rotation": 270, "texture": "#2"},
				"east": {"uv": [15.41667, 0, 10.66667, 0], "rotation": 90, "texture": "#2"},
				"south": {"uv": [4.75, 10.08333, 0, 5.33333], "rotation": 90, "texture": "#2"},
				"west": {"uv": [4.75, 10.66667, 0, 10.66667], "rotation": 90, "texture": "#2"},
				"up": {"uv": [10.33333, 14.75, 10.33333, 10], "rotation": 90, "texture": "#2"},
				"down": {"uv": [8.66667, 15.08333, 8.66667, 10.33333], "rotation": 90, "texture": "#2"}
			}
		},
		{
			"from": [-3.62499, -3.20834, 7.9],
			"to": [10.62501, 11.04166, 8.15],
			"rotation": {"angle": 45, "axis": "z", "origin": [3.50001, 3.91666, 8.025]},
			"faces": {
				"north": {"uv": [0, 5.33333, 4.75, 10.08333], "rotation": 270, "texture": "#2"},
				"east": {"uv": [4.75, 10.66667, 0, 10.66667], "rotation": 90, "texture": "#2"},
				"south": {"uv": [4.75, 5.33333, 0, 10.08333], "rotation": 90, "texture": "#2"},
				"west": {"uv": [15.41667, 0, 10.66667, 0], "rotation": 90, "texture": "#2"},
				"up": {"uv": [10.33333, 10, 10.33333, 14.75], "rotation": 90, "texture": "#2"},
				"down": {"uv": [8.66667, 10.33333, 8.66667, 15.08333], "rotation": 90, "texture": "#2"}
			}
		},
		{
			"from": [13.00489, 6.30323, 7.75],
			"to": [14.50489, 6.95323, 8.25],
			"rotation": {"angle": 45, "axis": "z", "origin": [15.949, 3.17816, 9.96125]},
			"faces": {
				"north": {"uv": [9.16667, 0, 8.66667, 0.25], "texture": "#2"},
				"east": {"uv": [6.83333, 10.33333, 6.66667, 10.58333], "texture": "#2"},
				"south": {"uv": [9.16667, 0.66667, 8.66667, 0.91667], "texture": "#2"},
				"west": {"uv": [10.5, 6, 10.33333, 6.25], "texture": "#2"},
				"up": {"uv": [9.33333, 5.5, 9.83333, 5.33333], "texture": "#2"},
				"down": {"uv": [9.33333, 6, 9.83333, 6.16667], "texture": "#2"}
			}
		},
		{
			"from": [8.2108, -3.45834, 7.997],
			"to": [22.4608, 10.79166, 8.247],
			"rotation": {"angle": -22.5, "axis": "y", "origin": [11.15078, 2.19949, 8.08625]},
			"faces": {
				"north": {"uv": [0, 16, 4.75, 11.25], "rotation": 270, "texture": "#2"},
				"east": {"uv": [15.41667, 0, 10.66667, 0], "rotation": 90, "texture": "#2"},
				"south": {"uv": [4.75, 16, 0, 11.25], "rotation": 90, "texture": "#2"},
				"west": {"uv": [4.75, 10.66667, 0, 10.66667], "rotation": 90, "texture": "#2"},
				"up": {"uv": [10.33333, 14.75, 10.33333, 10], "rotation": 90, "texture": "#2"},
				"down": {"uv": [8.66667, 15.08333, 8.66667, 10.33333], "rotation": 90, "texture": "#2"}
			}
		},
		{
			"from": [6.23399, 2.42451, 7.5],
			"to": [7.23399, 3.42451, 8.5],
			"rotation": {"angle": -22.5, "axis": "z", "origin": [1.051, 2.92816, 9.96125]},
			"faces": {
				"north": {"uv": [6.66667, 4.66667, 7, 5], "texture": "#2"},
				"east": {"uv": [8.66667, 3.33333, 9, 3.66667], "texture": "#2"},
				"south": {"uv": [8.66667, 4, 9, 4.33333], "texture": "#2"},
				"west": {"uv": [5.33333, 8.66667, 5.66667, 9], "texture": "#2"},
				"up": {"uv": [9, 6.33333, 8.66667, 6], "texture": "#2"},
				"down": {"uv": [7.66667, 8.66667, 7.33333, 9], "texture": "#2"}
			}
		},
		{
			"from": [6, 1, 7.6],
			"to": [6.8, 2, 8.4],
			"rotation": {"angle": 0, "axis": "y", "origin": [1.051, 2.92816, 9.96125]},
			"faces": {
				"north": {"uv": [9, 8, 9.25, 8.33333], "texture": "#2"},
				"east": {"uv": [9, 8.66667, 9.25, 9], "texture": "#2"},
				"south": {"uv": [9.33333, 1.33333, 9.58333, 1.66667], "texture": "#2"},
				"west": {"uv": [9.33333, 2, 9.58333, 2.33333], "texture": "#2"},
				"up": {"uv": [10.25, 3.58333, 10, 3.33333], "texture": "#2"},
				"down": {"uv": [10.25, 4, 10, 4.25], "texture": "#2"}
			}
		},
		{
			"from": [3.65985, -1.79331, 7.595],
			"to": [4.45985, -1.04331, 8.405],
			"rotation": {"angle": 45, "axis": "z", "origin": [1.051, 2.92816, 9.96125]},
			"faces": {
				"north": {"uv": [5.33333, 10, 5.58333, 10.25], "texture": "#2"},
				"east": {"uv": [9, 10, 9.25, 10.25], "texture": "#2"},
				"south": {"uv": [10, 9.33333, 10.25, 9.58333], "texture": "#2"},
				"west": {"uv": [9.66667, 10, 9.91667, 10.25], "texture": "#2"},
				"up": {"uv": [10.58333, 0.91667, 10.33333, 0.66667], "texture": "#2"},
				"down": {"uv": [10.58333, 4.66667, 10.33333, 4.91667], "texture": "#2"}
			}
		},
		{
			"from": [5.76493, 3.71318, 7.4],
			"to": [7.26493, 5.21318, 8.6],
			"rotation": {"angle": -45, "axis": "z", "origin": [1.051, 2.92816, 9.96125]},
			"faces": {
				"north": {"uv": [5.33333, 5.33333, 5.83333, 5.83333], "texture": "#2"},
				"east": {"uv": [7.33333, 6.66667, 7.75, 7.16667], "texture": "#2"},
				"south": {"uv": [5.33333, 6.33333, 5.83333, 6.83333], "texture": "#2"},
				"west": {"uv": [7.66667, 0, 8.08333, 0.5], "texture": "#2"},
				"up": {"uv": [8.16667, 1.41667, 7.66667, 1], "texture": "#2"},
				"down": {"uv": [7.83333, 7.66667, 7.33333, 8.08333], "texture": "#2"}
			}
		},
		{
			"from": [2.71566, 4.0392, 7.7],
			"to": [4.21566, 5.5392, 8.3],
			"rotation": {"angle": -22.5, "axis": "z", "origin": [0.051, 3.17816, 9.96125]},
			"faces": {
				"north": {"uv": [6.33333, 5.33333, 6.83333, 5.83333], "texture": "#2"},
				"east": {"uv": [9.33333, 2.66667, 9.5, 3.16667], "texture": "#2"},
				"south": {"uv": [6.33333, 6.33333, 6.83333, 6.83333], "texture": "#2"},
				"west": {"uv": [9.33333, 3.66667, 9.5, 4.16667], "texture": "#2"},
				"up": {"uv": [9.83333, 4.83333, 9.33333, 4.66667], "texture": "#2"},
				"down": {"uv": [5.83333, 9.33333, 5.33333, 9.5], "texture": "#2"}
			}
		},
		{
			"from": [2.84233, 2.95394, 7.75],
			"to": [3.49233, 4.45394, 8.25],
			"rotation": {"angle": 0, "axis": "y", "origin": [0.051, 3.17816, 9.96125]},
			"faces": {
				"north": {"uv": [8.66667, 1.33333, 8.91667, 1.83333], "texture": "#2"},
				"east": {"uv": [6.33333, 9.33333, 6.5, 9.83333], "texture": "#2"},
				"south": {"uv": [8.66667, 2.33333, 8.91667, 2.83333], "texture": "#2"},
				"west": {"uv": [7, 9.33333, 7.16667, 9.83333], "texture": "#2"},
				"up": {"uv": [10.58333, 6.83333, 10.33333, 6.66667], "texture": "#2"},
				"down": {"uv": [7.58333, 10.33333, 7.33333, 10.5], "texture": "#2"}
			}
		},
		{
			"from": [2.14574, 5.42913, 7.745],
			"to": [2.82574, 6.10913, 8.255],
			"rotation": {"angle": -22.5, "axis": "z", "origin": [0.051, 3.17816, 9.96125]},
			"faces": {
				"north": {"uv": [10.33333, 5.33333, 10.58333, 5.58333], "texture": "#2"},
				"east": {"uv": [10.33333, 7.33333, 10.5, 7.58333], "texture": "#2"},
				"south": {"uv": [6, 10.33333, 6.25, 10.58333], "texture": "#2"},
				"west": {"uv": [8, 10.33333, 8.16667, 10.58333], "texture": "#2"},
				"up": {"uv": [10.58333, 8.16667, 10.33333, 8], "texture": "#2"},
				"down": {"uv": [10.58333, 8.66667, 10.33333, 8.83333], "texture": "#2"}
			}
		},
		{
			"from": [2.85471, 1.15281, 7.725],
			"to": [4.35471, 2.65281, 8.275],
			"rotation": {"angle": 22.5, "axis": "z", "origin": [0.051, 3.17816, 9.96125]},
			"faces": {
				"north": {"uv": [6.66667, 0, 7.16667, 0.5], "texture": "#2"},
				"east": {"uv": [7.66667, 9.33333, 7.83333, 9.83333], "texture": "#2"},
				"south": {"uv": [6.66667, 1, 7.16667, 1.5], "texture": "#2"},
				"west": {"uv": [8.33333, 9.33333, 8.5, 9.83333], "texture": "#2"},
				"up": {"uv": [9.5, 9.5, 9, 9.33333], "texture": "#2"},
				"down": {"uv": [10.16667, 0, 9.66667, 0.16667], "texture": "#2"}
			}
		},
		{
			"from": [1.49511, 6.30323, 7.75],
			"to": [2.99511, 6.95323, 8.25],
			"rotation": {"angle": -45, "axis": "z", "origin": [0.051, 3.17816, 9.96125]},
			"faces": {
				"north": {"uv": [8.66667, 0, 9.16667, 0.25], "texture": "#2"},
				"east": {"uv": [10.33333, 6, 10.5, 6.25], "texture": "#2"},
				"south": {"uv": [8.66667, 0.66667, 9.16667, 0.91667], "texture": "#2"},
				"west": {"uv": [6.66667, 10.33333, 6.83333, 10.58333], "texture": "#2"},
				"up": {"uv": [9.83333, 5.5, 9.33333, 5.33333], "texture": "#2"},
				"down": {"uv": [9.83333, 6, 9.33333, 6.16667], "texture": "#2"}
			}
		},
		{
			"from": [-6.4608, -3.45834, 7.997],
			"to": [7.7892, 10.79166, 8.247],
			"rotation": {"angle": 22.5, "axis": "y", "origin": [4.84922, 2.19949, 8.08625]},
			"faces": {
				"north": {"uv": [0, 11.25, 4.75, 16], "rotation": 270, "texture": "#2"},
				"east": {"uv": [4.75, 10.66667, 0, 10.66667], "rotation": 90, "texture": "#2"},
				"south": {"uv": [4.75, 11.25, 0, 16], "rotation": 90, "texture": "#2"},
				"west": {"uv": [15.41667, 0, 10.66667, 0], "rotation": 90, "texture": "#2"},
				"up": {"uv": [10.33333, 10, 10.33333, 14.75], "rotation": 90, "texture": "#2"},
				"down": {"uv": [8.66667, 10.33333, 8.66667, 15.08333], "rotation": 90, "texture": "#2"}
			}
		},
		{
			"from": [-2, 1.44628, 9.75],
			"to": [18, 21.44628, 10.25],
			"rotation": {"angle": 0, "axis": "x", "origin": [8, 12.43147, 10]},
			"faces": {
				"north": {"uv": [0, 0, 16, 16], "texture": "#3"},
				"east": {"uv": [0, 0, 5.33333, 0], "rotation": 270, "texture": "#3"},
				"south": {"uv": [16, 0, 0, 16], "texture": "#3"},
				"west": {"uv": [0, 0, 5.33333, 0], "rotation": 270, "texture": "#3"},
				"up": {"uv": [0, 5.33333, 0, 0], "rotation": 270, "texture": "#3"},
				"down": {"uv": [0, 5.33333, 0, 0], "rotation": 270, "texture": "#3"}
			}
		},
		{
			"from": [-0.125, 5.29166, 10],
			"to": [16.125, 21.54166, 10],
			"rotation": {"angle": 0, "axis": "x", "origin": [8, 12.43147, 10]},
			"faces": {
				"north": {"uv": [0, 0, 4.75, 4.75], "texture": "#2"},
				"east": {"uv": [8.66667, 10.33333, 8.66667, 15.08333], "texture": "#2"},
				"south": {"uv": [0, 0, 4.75, 4.75], "texture": "#2"},
				"west": {"uv": [10.33333, 10, 10.33333, 14.75], "texture": "#2"},
				"up": {"uv": [4.75, 10.66667, 0, 10.66667], "texture": "#2"},
				"down": {"uv": [15.41667, 0, 10.66667, 0], "texture": "#2"}
			}
		},
		{
			"from": [13.45818, 8.49984, 7.75],
			"to": [21.20818, 16.49984, 8.25],
			"rotation": {"angle": 0, "axis": "z", "origin": [17.33318, 12.49984, 7.75]},
			"faces": {
				"north": {"uv": [0, 0.05, 16, 16], "texture": "#4"},
				"south": {"uv": [16, 0.05, 0, 16], "texture": "#4"}
			}
		},
		{
			"from": [-5.20818, 8.49984, 7.75],
			"to": [2.54182, 16.49984, 8.25],
			"rotation": {"angle": 0, "axis": "z", "origin": [-1.33318, 12.49984, 7.75]},
			"faces": {
				"north": {"uv": [16, 0.05, 0, 16], "texture": "#4"},
				"south": {"uv": [0, 0.05, 16, 16], "texture": "#4"}
			}
		},
		{
			"from": [0.04182, 9.49984, 9.25],
			"to": [7.79182, 17.49984, 10.75],
			"rotation": {"angle": 0, "axis": "z", "origin": [3.91682, 13.49984, 10.75]},
			"faces": {
				"north": {"uv": [16, 0.05, 0, 16], "texture": "#4"},
				"south": {"uv": [0, 0.05, 16, 16], "texture": "#4"}
			}
		},
		{
			"from": [8.20818, 9.49984, 9.25],
			"to": [15.95818, 17.49984, 10.75],
			"rotation": {"angle": 0, "axis": "z", "origin": [12.08318, 13.49984, 10.75]},
			"faces": {
				"north": {"uv": [0, 0.05, 16, 16], "texture": "#4"},
				"south": {"uv": [16, 0.05, 0, 16], "texture": "#4"}
			}
		},
		{
			"from": [0.04182, 1.75016, 9.25],
			"to": [7.79182, 9.75016, 10.75],
			"rotation": {"angle": 0, "axis": "z", "origin": [3.91682, 5.75016, 10.75]},
			"faces": {
				"north": {"uv": [16, 16, 0, 0], "texture": "#4"},
				"south": {"uv": [0, 16, 16, 0], "texture": "#4"}
			}
		},
		{
			"from": [8.20818, 1.75016, 9.25],
			"to": [15.95818, 9.75016, 10.75],
			"rotation": {"angle": 0, "axis": "z", "origin": [12.08318, 5.75016, 10.75]},
			"faces": {
				"north": {"uv": [0, 16, 16, 0], "texture": "#4"},
				"south": {"uv": [16, 16, 0, 0], "texture": "#4"}
			}
		},
		{
			"from": [6.875, 9.29166, 9.5875],
			"to": [9.125, 11.54166, 10.4125],
			"rotation": {"angle": 0, "axis": "z", "origin": [8, 11.45603, 10]},
			"faces": {
				"north": {"uv": [5.33333, 0, 6.08333, 0.75], "texture": "#2"},
				"east": {"uv": [8, 2, 8.25, 2.75], "texture": "#2"},
				"south": {"uv": [5.33333, 1.33333, 6.08333, 2.08333], "texture": "#2"},
				"west": {"uv": [8, 3.33333, 8.25, 4.08333], "texture": "#2"},
				"up": {"uv": [8.75, 4.91667, 8, 4.66667], "texture": "#2"},
				"down": {"uv": [8.75, 5.33333, 8, 5.58333], "texture": "#2"}
			}
		},
		{
			"from": [6.75506, 11.68097, 9.6175],
			"to": [7.77506, 12.70097, 10.3825],
			"rotation": {"angle": -45, "axis": "z", "origin": [8, 11.45603, 10]},
			"faces": {
				"north": {"uv": [9, 6.66667, 9.33333, 7], "texture": "#2"},
				"east": {"uv": [9.66667, 0.66667, 9.91667, 1], "texture": "#2"},
				"south": {"uv": [9, 7.33333, 9.33333, 7.66667], "texture": "#2"},
				"west": {"uv": [9.66667, 6.66667, 9.91667, 7], "texture": "#2"},
				"up": {"uv": [10, 7.58333, 9.66667, 7.33333], "texture": "#2"},
				"down": {"uv": [10, 8, 9.66667, 8.25], "texture": "#2"}
			}
		},
		{
			"from": [6.92786, 9.88693, 9.625],
			"to": [7.90286, 12.13693, 10.375],
			"rotation": {"angle": -22.5, "axis": "z", "origin": [8, 11.45603, 10]},
			"faces": {
				"north": {"uv": [6.66667, 2, 7, 2.75], "texture": "#2"},
				"east": {"uv": [6, 8, 6.25, 8.75], "texture": "#2"},
				"south": {"uv": [6.66667, 3.33333, 7, 4.08333], "texture": "#2"},
				"west": {"uv": [6.66667, 8, 6.91667, 8.75], "texture": "#2"},
				"up": {"uv": [10, 8.91667, 9.66667, 8.66667], "texture": "#2"},
				"down": {"uv": [10.33333, 1.33333, 10, 1.58333], "texture": "#2"}
			}
		},
		{
			"from": [8.09714, 9.88693, 9.625],
			"to": [9.07214, 12.13693, 10.375],
			"rotation": {"angle": 22.5, "axis": "z", "origin": [8, 11.45603, 10]},
			"faces": {
				"north": {"uv": [7.33333, 2, 7.66667, 2.75], "texture": "#2"},
				"east": {"uv": [8.33333, 6.66667, 8.58333, 7.41667], "texture": "#2"},
				"south": {"uv": [7.33333, 3.33333, 7.66667, 4.08333], "texture": "#2"},
				"west": {"uv": [8.33333, 8, 8.58333, 8.75], "texture": "#2"},
				"up": {"uv": [10.33333, 2.25, 10, 2], "texture": "#2"},
				"down": {"uv": [10.33333, 2.66667, 10, 2.91667], "texture": "#2"}
			}
		},
		{
			"from": [7.60994, 9.59609, 9.55],
			"to": [9.85994, 11.84609, 10.45],
			"rotation": {"angle": -45, "axis": "z", "origin": [8, 11.45603, 10]},
			"faces": {
				"north": {"uv": [5.33333, 2.66667, 6.08333, 3.41667], "texture": "#2"},
				"east": {"uv": [7.33333, 4.66667, 7.66667, 5.41667], "texture": "#2"},
				"south": {"uv": [5.33333, 4, 6.08333, 4.75], "texture": "#2"},
				"west": {"uv": [5.33333, 7.33333, 5.66667, 8.08333], "texture": "#2"},
				"up": {"uv": [6.75, 7.66667, 6, 7.33333], "texture": "#2"},
				"down": {"uv": [8.08333, 6, 7.33333, 6.33333], "texture": "#2"}
			}
		}
	],
	"gui_light": "front",
	"display": {
		"thirdperson_lefthand": {
			"rotation": [68.5, 0, 0],
			"translation": [-5.5, -6.75, 16.5],
			"scale": [1.51, 1.51, 1.51]
		},
		"firstperson_righthand": {
			"translation": [1.75, 3, 0],
			"scale": [0.4, 0.4, 0.4]
		},
		"firstperson_lefthand": {
			"translation": [10.25, 0, 0],
			"scale": [0.01, 0.01, 0.01]
		},
		"ground": {
			"rotation": [16, 0, 0],
			"translation": [0, 11.75, 0]
		},
		"gui": {
			"translation": [0, 0.5, 0],
			"scale": [0.44, 0.44, 0.44]
		},
		"head": {
			"rotation": [0, 0, -2],
			"translation": [0, 1.25, 11],
			"scale": [2.75, 2.75, 2.75]
		},
		"fixed": {
			"rotation": [0, 180, 0],
			"translation": [0, 18, -5.5],
			"scale": [4, 4, 4]
		}
	},
	"groups": [
		{
			"name": "wings",
			"origin": [8, 8.45603, 10],
			"color": 0,
			"nbt": "{}",
			"children": [
				{
					"name": "group",
					"origin": [5.55709, 4, 8],
					"color": 0,
					"nbt": "{}",
					"children": [0, 1, 2, 3, 4, 5, 6, 7, 8, 9, 10, 11, 12, 13, 14, 15, 16, 17]
				},
				{
					"name": "group",
					"origin": [5.55709, 4, 8],
					"color": 0,
					"nbt": "{}",
					"children": [18, 19, 20, 21, 22, 23, 24, 25, 26, 27]
				},
				28,
				29,
				30,
				31,
				32,
				33,
				34,
				35,
				36,
				37,
				38,
				39,
				40
			]
		}
	]
}