{
  "pools": [
    {
      "rolls": 1,
      "entries": [
        {
          "type": "minecraft:item",
          "name": "minecraft:ominous_trial_key",
          "functions": [
            {
              "function": "minecraft:set_name",
              "target": "item_name",
              "name": "Trident Trial Boss Key"
            },
            {
              "function": "minecraft:set_components",
              "components": {
                "minecraft:custom_model_data": 716
              }
            }
          ]
        }
      ]
    }
  ],
  "functions": [
    {
      "function": "minecraft:reference",
      "name": "nova_structures:loot_modifier"
    }
  ]
}
