{
  "type": "minecraft:chest",
  "pools": [
    {
      "rolls": 1,
      "bonus_rolls": 0.0,
      "entries": [
        {
          "type": "minecraft:item",
          "functions": [
            {
              "function": "minecraft:exploration_map",
              "decoration": "red_x",
              "destination": "minecraft:ancient_city",
              "zoom": 4,
              "skip_existing_chunks": false
            },
            {
              "function": "minecraft:set_name",
              "name": "Ancient City Map"
            },
            {
              "function": "minecraft:set_components",
              "components": {
                "minecraft:map_color": 361625
              }
            }
          ],
          "name": "minecraft:map"
        }
      ]
    }
  ],
  "functions": [
    {
      "function": "minecraft:reference",
      "name": "nova_structures:loot_modifier"
    }
  ]
}