{
  "type": "minecraft:chest",
  "pools": [
    {
      "bonus_rolls": 0.0,
      "entries": [
        {
          "type": "minecraft:empty",
          "weight": 10
        },
		{
          "type": "minecraft:item",
          "functions": [
            {
              "function": "minecraft:set_potion",
              "id": "minecraft:healing"
            }
          ],
          "name": "minecraft:potion",
          "weight": 5
        },
        {
          "type": "minecraft:item",
          "functions": [
            {
              "add": false,
              "count": {
                "type": "minecraft:uniform",
                "max": 10.0,
                "min": 1.0
              },
              "function": "minecraft:set_count"
            }
          ],
          "name": "minecraft:arrow",
          "weight": 5
        },
        {
          "type": "minecraft:item",
          "name": "minecraft:emerald",
          "weight": 3
        },
        {
          "type": "minecraft:item",
          "functions": [
            {
              "options": "nova_structures:traveler",
              "function": "minecraft:enchant_randomly"
            }
          ],
          "name": "minecraft:book",
          "weight": 1
        }
      ],
      "rolls": 1.0
    }
  ],
  "functions": [
    {
      "function": "minecraft:reference",
      "name": "nova_structures:loot_modifier"
    }
  ]
}