{
  "type": "minecraft:chest",
  "pools": [
    {
      "rolls": 1,
      "entries": [
        {
          "type": "minecraft:loot_table",
          "value": "nova_structures:chests/tavern_quest/jungle_ruin"
        },
        {
          "type": "minecraft:loot_table",
          "value": "nova_structures:chests/tavern_quest/undead_crypt"
        },
        {
          "type": "minecraft:loot_table",
          "value": "nova_structures:chests/tavern_quest/stray_fort"
        },
        {
          "type": "minecraft:loot_table",
          "value": "nova_structures:chests/tavern_quest/creeping_crypt"
        },
    		{
          "type": "minecraft:loot_table",
          "value": "nova_structures:chests/tavern_quest/desert_ruin"
        },
				{
          "type": "minecraft:loot_table",
          "value": "nova_structures:chests/tavern_quest/ancient_city"
        },
				{
          "type": "minecraft:loot_table",
          "value": "nova_structures:chests/tavern_quest/illager_hideout"
        },
				{
          "type": "minecraft:loot_table",
          "value": "nova_structures:chests/tavern_quest/badlands_miner_outpost"
        },
				{
          "type": "minecraft:loot_table",
          "value": "nova_structures:chests/tavern_quest/witch_villa"
        },
				{
          "type": "minecraft:loot_table",
          "value": "nova_structures:chests/tavern_quest/illager_manor"
        },
				{
          "type": "minecraft:loot_table",
          "value": "nova_structures:chests/tavern_quest/trident_trial_monument"
        }
      ]
    }
  ],
  "functions": [
    {
      "function": "minecraft:reference",
      "name": "nova_structures:loot_modifier"
    }
  ]
}