{
  "type": "minecraft:chest",
  "pools": [
    {
      "rolls": 1,
      "entries": [
        {
          "type": "minecraft:item",
          "name": "minecraft:map",
          "weight": 2,
          "functions": [
            {
              "function": "minecraft:exploration_map",
              "destination": "minecraft:witch_hut",
              "decoration": "target_x",
              "zoom": 2,
              "skip_existing_chunks": true
            },
            {
              "function": "minecraft:set_name",
              "name": {
                "translate": "Traveler's Map",
                "italic": false
              }
            }
          ]
        },
        {
          "type": "minecraft:item",
          "name": "minecraft:map",
          "weight": 3,
          "functions": [
            {
              "function": "minecraft:exploration_map",
              "destination": "minecraft:temple",
              "decoration": "target_x",
              "zoom": 2,
              "skip_existing_chunks": true
            },
            {
              "function": "minecraft:set_name",
              "name": {
                "translate": "Traveler's Map",
                "italic": false
              }
            }
          ]
        },
        {
          "type": "minecraft:item",
          "name": "minecraft:map",
          "weight": 2,
          "functions": [
            {
              "function": "minecraft:exploration_map",
              "destination": "minecraft:igloo",
              "decoration": "target_x",
              "zoom": 2,
              "skip_existing_chunks": true
            },
            {
              "function": "minecraft:set_name",
              "name": {
                "translate": "Traveler's Map",
                "italic": false
              }
            }
          ]
        },
        {
          "type": "minecraft:item",
          "name": "minecraft:map",
          "weight": 1,
          "functions": [
            {
              "function": "minecraft:exploration_map",
              "destination": "minecraft:pillager_outpost",
              "decoration": "target_x",
              "zoom": 2,
              "skip_existing_chunks": true
            },
            {
              "function": "minecraft:set_name",
              "name": {
                "translate": "Traveler's Map",
                "italic": false
              }
            }
          ]
        },
        {
          "type": "minecraft:item",
          "name": "minecraft:map",
          "weight": 3,
          "functions": [
            {
              "function": "minecraft:exploration_map",
              "destination": "minecraft:village",
              "decoration": "target_x",
              "zoom": 2,
              "skip_existing_chunks": true
            },
            {
              "function": "minecraft:set_name",
              "name": {
                "translate": "Traveler's Map",
                "italic": false
              }
            }
          ]
        },
        {
          "type": "minecraft:item",
          "name": "minecraft:map",
          "weight": 2,
          "functions": [
            {
              "function": "minecraft:exploration_map",
              "destination": "minecraft:trail_ruins",
              "decoration": "target_x",
              "zoom": 2,
              "skip_existing_chunks": true
            },
            {
              "function": "minecraft:set_name",
              "name": {
                "translate": "Traveler's Map",
                "italic": false
              }
            }
          ]
        }
      ]
    }
  ]
}
