{
	"name": "minecraft:nether_fortress/nether_fortress_bridge",	
  "elements": [
    {
      "element": {
        "element_type": "minecraft:single_pool_element",
        "location": "minecraft:nether_fortress/bridge/nether_bridge_lantern",
        "processors": "minecraft:nether_fortress_generic_degradation",
        "projection": "rigid"
      },
      "weight": 1
    },
	{
      "element": {
        "element_type": "minecraft:single_pool_element",
        "location": "minecraft:nether_fortress/bridge/nether_bridge_lantern_2",
        "processors": "minecraft:nether_fortress_generic_degradation",
        "projection": "rigid"
      },
      "weight": 2
    },
	{
      "element": {
        "element_type": "minecraft:empty_pool_element"
      },
      "weight": 9
    }
  ],
  "fallback": "minecraft:nether_fortress/nether_fortress_lock"
}