{
    "display": {
        "icon": {
            "id": "minecraft:dead_brain_coral_block"
        },
        "title": {
            "translate": "Desolation"
        },
        "description": {
            "translate": "Visit any Nullscape biome"
        },
        "frame": "task",
        "show_toast": true,
        "announce_to_chat": true,
        "hidden": false
    },
    "parent": "minecraft:end/enter_end_gateway",
    "criteria": {
        "nullscape:crystal_peaks": {
            "trigger": "minecraft:location",
            "conditions": {
                "player": {
                    "location": {
                        "biomes": "nullscape:crystal_peak"
                    }
                }
            }
        },
        "nullscape:shadowlands": {
            "trigger": "minecraft:location",
            "conditions": {
                "player": {
                    "location": {
                        "biomes": "nullscape:shadowlands"
                    }
                }
            }
        },
        "nullscape:void_barrens": {
            "trigger": "minecraft:location",
            "conditions": {
                "player": {
                    "location": {
                        "biomes": "nullscape:void_barrens"
                    }
                }
            }
        }
    },
    "requirements": [
        [
            "nullscape:crystal_peaks",
            "nullscape:shadowlands",
            "nullscape:void_barrens"
        ]
    ]
}
