{
  "type": "minecraft:archaeology",
  "pools": [
    {
      "bonus_rolls": 0.0,
      "entries": [
        {
          "type": "minecraft:item",
          "name": "minecraft:archer_pottery_sherd",
          "weight": 10
        },
        {
          "type": "minecraft:item",
          "name": "minecraft:skull_pottery_sherd",
          "weight": 10
        },
        {
          "type": "minecraft:item",
          "name": "minecraft:danger_pottery_sherd",
          "weight": 10
        },
        {
          "type": "minecraft:item",
          "name": "minecraft:burn_pottery_sherd",
          "weight": 10
        },
        {
          "type": "minecraft:item",
          "name": "minecraft:shelter_pottery_sherd",
          "weight": 10
        },
        {
          "type": "minecraft:item",
          "name": "minecraft:heartbreak_pottery_sherd",
          "weight": 10
        },
        {
          "type": "minecraft:item",
          "name": "minecraft:golden_hoe",
          "weight": 10
        },
        {
          "type": "minecraft:item",
          "name": "minecraft:golden_shovel",
          "weight": 10
        },
        {
          "type": "minecraft:item",
          "functions": [
            {
              "add": false,
              "enchantments": {
                "nova_structures:outreach": 1.0
              },
              "function": "minecraft:set_enchantments"
            }
          ],
          "name": "minecraft:book",
          "weight": 5
        },
        {
          "type": "minecraft:item",
          "name": "minecraft:stick",
          "weight": 40
        },
        {
          "type": "minecraft:item",
          "name": "minecraft:emerald",
          "weight": 10
        },
        {
          "type": "minecraft:item",
          "name": "minecraft:gold_nugget",
          "weight": 35
        },
        {
          "type": "minecraft:item",
          "name": "minecraft:iron_nugget",
          "weight": 30
        },
        {
          "type": "minecraft:item",
          "name": "minecraft:bone",
          "weight": 40
        },
        {
          "type": "minecraft:item",
          "name": "minecraft:skeleton_skull",
          "weight": 5
        },
        {
          "type": "minecraft:item",
          "name": "minecraft:honeycomb",
          "weight": 10
        },
        {
          "type": "minecraft:item",
          "name": "minecraft:brick",
          "weight": 20
        },
        {
          "type": "minecraft:item",
          "name": "minecraft:green_dye",
          "weight": 20
        },
        {
          "type": "minecraft:item",
          "name": "minecraft:lime_dye",
          "weight": 20
        },
        {
          "type": "minecraft:item",
          "name": "minecraft:dune_armor_trim_smithing_template"
        },
        {
          "type": "minecraft:item",
          "name": "minecraft:orange_dye",
          "weight": 20
        },
        {
          "type": "minecraft:item",
          "name": "minecraft:blue_dye",
          "weight": 20
        },
        {
          "type": "minecraft:item",
          "name": "minecraft:cyan_dye",
          "weight": 20
        },
        {
          "type": "minecraft:item",
          "name": "minecraft:light_blue_dye",
          "weight": 20
        }
      ],
      "rolls": 1.0
    }
  ],
  "functions": [
    {
      "function": "minecraft:reference",
      "name": "nova_structures:loot_modifier"
    }
  ]
}