{
  "type": "minecraft:chest",
  "pools": [
    {
      "rolls": 1.0,
      "bonus_rolls": 0.0,
      "entries": [
        {
          "type": "minecraft:item",
          "weight": 10,
          "name": "minecraft:spyglass"
        },
        {
          "type": "minecraft:item",
          "weight": 5,
          "name": "minecraft:map"
        }
      ]
    },
    {
      "rolls": 3.0,
      "bonus_rolls": 0.0,
      "entries": [
        {
          "type": "minecraft:item",
          "weight": 10,
          "functions": [
            {
              "function": "minecraft:set_count",
              "count": {
                "type": "minecraft:uniform",
                "min": 1.0,
                "max": 2.0
              },
              "add": false
            }
          ],
          "name": "minecraft:paper"
        },
        {
          "type": "minecraft:item",
          "weight": 5,
          "name": "minecraft:map"
        }
      ]
    },
    {
      "rolls": 3,
      "entries": [
        {
          "type": "item",
          "weight": 1,
          "name": "minecraft:firework_rocket",
          "functions": [
            {
              "function": "minecraft:set_count",
              "count": {
                "type": "minecraft:uniform",
                "min": 1.0,
                "max": 2.0
              },
              "add": false
            },
            {
              "function": "minecraft:set_fireworks",
              "explosions": {
                "values": [
                  {
                    "shape": "small_ball",
                    "colors": [
                      11743532
                    ]
                  }
                ],
                "mode": "replace_all"
              },
              "flight_duration": 2
            }
          ]
        },
        {
          "type": "item",
          "weight": 1,
          "name": "minecraft:firework_rocket",
          "functions": [
            {
              "function": "minecraft:set_count",
              "count": {
                "type": "minecraft:uniform",
                "min": 1.0,
                "max": 2.0
              },
              "add": false
            },
            {
              "function": "minecraft:set_fireworks",
              "explosions": {
                "values": [
                  {
                    "shape": "small_ball",
                    "colors": [
                      2437522
                    ]
                  }
                ],
                "mode": "replace_all"
              },
              "flight_duration": 2
            }
          ]
        },
        {
          "type": "item",
          "weight": 1,
          "name": "minecraft:firework_rocket",
          "functions": [
            {
              "function": "minecraft:set_count",
              "count": {
                "type": "minecraft:uniform",
                "min": 1.0,
                "max": 2.0
              },
              "add": false
            },
            {
              "function": "minecraft:set_fireworks",
              "explosions": {
                "values": [
                  {
                    "shape": "small_ball",
                    "colors": [
                      4312372
                    ]
                  }
                ],
                "mode": "replace_all"
              },
              "flight_duration": 2
            }
          ]
        },
        {
          "type": "item",
          "weight": 1,
          "name": "minecraft:firework_rocket",
          "functions": [
            {
              "function": "minecraft:set_count",
              "count": {
                "type": "minecraft:uniform",
                "min": 1.0,
                "max": 2.0
              },
              "add": false
            },
            {
              "function": "minecraft:set_fireworks",
              "explosions": {
                "values": [
                  {
                    "shape": "small_ball",
                    "colors": [
                      14602026
                    ]
                  }
                ],
                "mode": "replace_all"
              },
              "flight_duration": 2
            }
          ]
        },
        {
          "type": "item",
          "weight": 1,
          "name": "minecraft:firework_rocket",
          "functions": [
            {
              "function": "minecraft:set_count",
              "count": {
                "type": "minecraft:uniform",
                "min": 1.0,
                "max": 2.0
              },
              "add": false
            },
            {
              "function": "minecraft:set_fireworks",
              "explosions": {
                "values": [
                  {
                    "shape": "small_ball",
                    "colors": [
                      3887386
                    ]
                  }
                ],
                "mode": "replace_all"
              },
              "flight_duration": 2
            }
          ]
        },
        {
          "type": "item",
          "weight": 1,
          "name": "minecraft:firework_rocket",
          "functions": [
            {
              "function": "minecraft:set_count",
              "count": {
                "type": "minecraft:uniform",
                "min": 1.0,
                "max": 2.0
              },
              "add": false
            },
            {
              "function": "minecraft:set_fireworks",
              "explosions": {
                "values": [
                  {
                    "shape": "small_ball",
                    "colors": [
                      15435844
                    ]
                  }
                ],
                "mode": "replace_all"
              },
              "flight_duration": 2
            }
          ]
        },
        {
          "type": "item",
          "weight": 1,
          "name": "minecraft:firework_rocket",
          "functions": [
            {
              "function": "minecraft:set_count",
              "count": {
                "type": "minecraft:uniform",
                "min": 1.0,
                "max": 2.0
              },
              "add": false
            },
            {
              "function": "minecraft:set_fireworks",
              "explosions": {
                "values": [
                  {
                    "shape": "small_ball",
                    "colors": [
                      14188952
                    ]
                  }
                ],
                "mode": "replace_all"
              },
              "flight_duration": 2
            }
          ]
        },
        {
          "type": "item",
          "weight": 1,
          "name": "minecraft:firework_rocket",
          "functions": [
            {
              "function": "minecraft:set_count",
              "count": {
                "type": "minecraft:uniform",
                "min": 1.0,
                "max": 2.0
              },
              "add": false
            },
            {
              "function": "minecraft:set_fireworks",
              "explosions": {
                "values": [
                  {
                    "shape": "small_ball",
                    "colors": [
                      6719955
                    ]
                  }
                ],
                "mode": "replace_all"
              },
              "flight_duration": 2
            }
          ]
        },
        {
          "type": "item",
          "weight": 1,
          "name": "minecraft:firework_rocket",
          "functions": [
            {
              "function": "minecraft:set_count",
              "count": {
                "type": "minecraft:uniform",
                "min": 1.0,
                "max": 2.0
              },
              "add": false
            },
            {
              "function": "minecraft:set_fireworks",
              "explosions": {
                "values": [
                  {
                    "shape": "small_ball",
                    "colors": [
                      5320730
                    ]
                  }
                ],
                "mode": "replace_all"
              },
              "flight_duration": 2
            }
          ]
        },
        {
          "type": "item",
          "weight": 1,
          "name": "minecraft:firework_rocket",
          "functions": [
            {
              "function": "minecraft:set_count",
              "count": {
                "type": "minecraft:uniform",
                "min": 1.0,
                "max": 2.0
              },
              "add": false
            },
            {
              "function": "minecraft:set_fireworks",
              "explosions": {
                "values": [
                  {
                    "shape": "small_ball",
                    "colors": [
                      15790320
                    ]
                  }
                ],
                "mode": "replace_all"
              },
              "flight_duration": 2
            }
          ]
        },
        {
          "type": "item",
          "weight": 1,
          "name": "minecraft:firework_rocket",
          "functions": [
            {
              "function": "minecraft:set_count",
              "count": {
                "type": "minecraft:uniform",
                "min": 1.0,
                "max": 2.0
              },
              "add": false
            },
            {
              "function": "minecraft:set_fireworks",
              "explosions": {
                "values": [
                  {
                    "shape": "small_ball",
                    "colors": [
                      12801229
                    ]
                  }
                ],
                "mode": "replace_all"
              },
              "flight_duration": 2
            }
          ]
        },
        {
          "type": "item",
          "weight": 1,
          "name": "minecraft:firework_rocket",
          "functions": [
            {
              "function": "minecraft:set_count",
              "count": {
                "type": "minecraft:uniform",
                "min": 1.0,
                "max": 2.0
              },
              "add": false
            },
            {
              "function": "minecraft:set_fireworks",
              "explosions": {
                "values": [
                  {
                    "shape": "small_ball",
                    "colors": [
                      8073150
                    ]
                  }
                ],
                "mode": "replace_all"
              },
              "flight_duration": 2
            }
          ]
        },
        {
          "type": "item",
          "weight": 1,
          "name": "minecraft:firework_rocket",
          "functions": [
            {
              "function": "minecraft:set_count",
              "count": {
                "type": "minecraft:uniform",
                "min": 1.0,
                "max": 2.0
              },
              "add": false
            },
            {
              "function": "minecraft:set_fireworks",
              "explosions": {
                "values": [
                  {
                    "shape": "small_ball",
                    "colors": [
                      1973019
                    ]
                  }
                ],
                "mode": "replace_all"
              },
              "flight_duration": 2
            }
          ]
        },
        {
          "type": "item",
          "weight": 1,
          "name": "minecraft:firework_rocket",
          "functions": [
            {
              "function": "minecraft:set_count",
              "count": {
                "type": "minecraft:uniform",
                "min": 1.0,
                "max": 2.0
              },
              "add": false
            },
            {
              "function": "minecraft:set_fireworks",
              "explosions": {
                "values": [
                  {
                    "shape": "small_ball",
                    "colors": [
                      4408131
                    ]
                  }
                ],
                "mode": "replace_all"
              },
              "flight_duration": 2
            }
          ]
        },
        {
          "type": "item",
          "weight": 1,
          "name": "minecraft:firework_rocket",
          "functions": [
            {
              "function": "minecraft:set_count",
              "count": {
                "type": "minecraft:uniform",
                "min": 1.0,
                "max": 2.0
              },
              "add": false
            },
            {
              "function": "minecraft:set_fireworks",
              "explosions": {
                "values": [
                  {
                    "shape": "small_ball",
                    "colors": [
                      2651799
                    ]
                  }
                ],
                "mode": "replace_all"
              },
              "flight_duration": 2
            }
          ]
        },
        {
          "type": "item",
          "weight": 1,
          "name": "minecraft:firework_rocket",
          "functions": [
            {
              "function": "minecraft:set_count",
              "count": {
                "type": "minecraft:uniform",
                "min": 1.0,
                "max": 2.0
              },
              "add": false
            },
            {
              "function": "minecraft:set_fireworks",
              "explosions": {
                "values": [
                  {
                    "shape": "small_ball",
                    "colors": [
                      11250603
                    ]
                  }
                ],
                "mode": "replace_all"
              },
              "flight_duration": 2
            }
          ]
        }
      ]
    },
    {
      "rolls": 1,
      "bonus_rolls": 0.0,
      "entries": [
        {
          "type": "minecraft:empty",
          "weight": 47
        },
        {
          "type": "item",
          "name": "minecraft:wayfinder_armor_trim_smithing_template"
        },
        {
          "type": "minecraft:item",
          "functions": [
            {
              "options": "nova_structures:traveler",
              "function": "minecraft:enchant_randomly"
            }
          ],
          "name": "minecraft:book",
          "weight": 2
        }
      ]
    }
  ],
  "functions": [
    {
      "function": "minecraft:reference",
      "name": "nova_structures:loot_modifier"
    }
  ]
}