{
  "type": "minecraft:chest",
  "pools": [
    {
      "rolls": 3,
      "entries": [
        {
          "type": "minecraft:item",
          "functions": [
            {
              "function": "minecraft:set_count",
              "count": {
                "type": "minecraft:uniform",
                "min": 1.0,
                "max": 4.0
              },
              "add": false
            }
          ],
          "name": "minecraft:paper"
        },
        {
          "type": "minecraft:item",
          "functions": [
            {
              "function": "minecraft:set_count",
              "count": {
                "type": "minecraft:uniform",
                "min": 1.0,
                "max": 2.0
              },
              "add": false
            }
          ],
          "name": "minecraft:feather"
        },
        {
          "type": "minecraft:item",
          "functions": [
            {
              "function": "minecraft:enchant_with_levels",
              "levels": {
                "type": "minecraft:uniform",
                "max": 4.0,
                "min": 2.0
              },
              "options": "#minecraft:on_random_loot"
            }
          ],
          "name": "minecraft:book"
        },
        {
          "type": "minecraft:item",
          "name": "minecraft:clock"
        }
      ]
    },
    {
      "rolls": 1,
      "entries": [
        {
          "type": "minecraft:item",
          "functions": [
            {
              "function": "minecraft:enchant_with_levels",
              "levels": {
                "type": "minecraft:uniform",
                "max": 5.0,
                "min": 5.0
              },
              "options": "#minecraft:on_random_loot"
            }
          ],
          "name": "minecraft:book"
        },
        {
          "type": "minecraft:item",
          "functions": [
            {
              "options": "nova_structures:illagers_bane",
              "function": "minecraft:enchant_randomly"
            }
          ],
          "name": "minecraft:book"
        }
      ]
    },
    {
      "rolls": 1,
      "entries": [
        {
          "type": "minecraft:item",
          "functions": [
            {
              "function": "minecraft:enchant_with_levels",
              "levels": {
                "type": "minecraft:uniform",
                "max": 22.0,
                "min": 18.0
              },
              "options": "#minecraft:on_random_loot"
            }
          ],
          "name": "minecraft:book"
        }
      ]
    }
  ],
  "functions": [
    {
      "function": "minecraft:reference",
      "name": "nova_structures:loot_modifier"
    }
  ]
}