{
  "type": "minecraft:chest",
  "pools": [
    {
      "rolls": 4,
      "bonus_rolls": 0.0,
      "entries": [
        {
          "type": "minecraft:item",
          "functions": [
            {
              "add": false,
              "count": {
                "type": "minecraft:uniform",
                "max": 10.0,
                "min": 5.0
              },
              "function": "minecraft:set_count"
            }
          ],
          "name": "minecraft:emerald"
        },
        {
          "type": "minecraft:item",
          "functions": [
            {
              "add": false,
              "count": {
                "type": "minecraft:uniform",
                "max": 3.0,
                "min": 1.0
              },
              "function": "minecraft:set_count"
            }
          ],
          "name": "minecraft:diamond"
        },
        {
          "type": "minecraft:item",
          "functions": [
            {
              "add": false,
              "count": {
                "type": "minecraft:uniform",
                "max": 2.0,
                "min": 1.0
              },
              "function": "minecraft:set_count"
            }
          ],
          "name": "minecraft:emerald_block"
        },
        {
          "type": "minecraft:item",
          "functions": [
            {
              "add": false,
              "count": {
                "type": "minecraft:uniform",
                "max": 15.0,
                "min": 10.0
              },
              "function": "minecraft:set_count"
            }
          ],
          "name": "minecraft:lapis_lazuli"
        },
        {
          "type": "minecraft:item",
          "functions": [
            {
              "add": false,
              "count": {
                "type": "minecraft:uniform",
                "max": 14.0,
                "min": 8.0
              },
              "function": "minecraft:set_count"
            }
          ],
          "name": "minecraft:amethyst_shard"
        }
      ]
    },
    {
      "rolls": 1,
      "bonus_rolls": 0.0,
      "entries": [
        {
          "type": "minecraft:empty",
          "weight": 20
        },
        {
          "type": "item",
          "name": "minecraft:sentry_armor_trim_smithing_template"
        },
		    {
          "type": "item",
          "name": "minecraft:vex_armor_trim_smithing_template"
        },
        {
          "type": "minecraft:item",
          "functions": [
            {
              "options": "nova_structures:illagers_bane",
              "function": "minecraft:enchant_randomly"
            }
          ],
          "name": "minecraft:book",
          "weight": 30
        }
      ]
    }
  ],
  "functions": [
    {
      "function": "minecraft:reference",
      "name": "nova_structures:loot_modifier"
    }
  ]
}