{
    "description": "Shulker Deflection",
    "exclusive_set": "#enchantencore:exclusive_set/alloy",
    "supported_items": "#minecraft:chest_armor",
    "weight": 2,
    "max_level": 1,
    "min_cost": {
      "base": 10,
      "per_level_above_first": 11
    },
    "max_cost": {
      "base": 25,
      "per_level_above_first": 11
    },
    "anvil_cost": 2,
    "slots": [
      "chest"
    ],
    "effects": {
      "minecraft:location_changed": [
        {
          "effect": {
            "type": "minecraft:run_function",
            "function": "enchantencore:bulletproof"
          }
        }
      ]
    }
  }
  