{
  "description": "Cleansing",
  "exclusive_set": "#enchantencore:exclusive_set/shield",
  "supported_items": "minecraft:shield",
  "weight": 5,
  "max_level": 1,
  "min_cost": {
    "base": 5,
    "per_level_above_first": 8
  },
  "max_cost": {
    "base": 55,
    "per_level_above_first": 8
  },
  "anvil_cost": 2,
  "slots": [
    "offhand"
  ],
  "effects": {
    "minecraft:location_changed": [
      {
        "effect": {
          "type": "minecraft:run_function",
          "function": "enchantencore:cleansing"
        }
      },
      {
        "effect": {
          "type": "minecraft:damage_item",
          "amount": 1.5
        }
      }
    ]
  }
}
