{
    "description": "Glass Breaker",
    "supported_items": "#enchantencore:all_bows",
    "weight": 2,
    "max_level": 1,
    "min_cost": {
      "base": 21,
      "per_level_above_first": 10
    },
    "max_cost": {
      "base": 51,
      "per_level_above_first": 10
    },
    "anvil_cost": 4,
    "slots": [
      "mainhand"
    ],
    "effects": {
      "minecraft:hit_block": [
        {
          "effect": {
            "type": "minecraft:replace_block",
            "block_state": {
              "type": "minecraft:simple_state_provider",
              "state": {
                "Name": "minecraft:air"
              }
            },
            "predicate": {
              "type": "minecraft:matching_blocks",
              "blocks": [
                "minecraft:glass",
                "minecraft:glass_pane",
                "minecraft:tinted_glass",
                "minecraft:black_stained_glass",
                "minecraft:blue_stained_glass",
                "minecraft:brown_stained_glass",
                "minecraft:cyan_stained_glass",
                "minecraft:gray_stained_glass",
                "minecraft:green_stained_glass",
                "minecraft:light_blue_stained_glass",
                "minecraft:light_gray_stained_glass",
                "minecraft:lime_stained_glass",
                "minecraft:magenta_stained_glass",
                "minecraft:orange_stained_glass",
                "minecraft:pink_stained_glass",
                "minecraft:purple_stained_glass",
                "minecraft:red_stained_glass",
                "minecraft:white_stained_glass",
                "minecraft:yellow_stained_glass",
                "minecraft:black_stained_glass_pane",
                "minecraft:blue_stained_glass_pane",
                "minecraft:brown_stained_glass_pane",
                "minecraft:cyan_stained_glass_pane",
                "minecraft:gray_stained_glass_pane",
                "minecraft:green_stained_glass_pane",
                "minecraft:light_blue_stained_glass_pane",
                "minecraft:light_gray_stained_glass_pane",
                "minecraft:lime_stained_glass_pane",
                "minecraft:magenta_stained_glass_pane",
                "minecraft:orange_stained_glass_pane",
                "minecraft:pink_stained_glass_pane",
                "minecraft:purple_stained_glass_pane",
                "minecraft:red_stained_glass_pane",
                "minecraft:white_stained_glass_pane",
                "minecraft:yellow_stained_glass_pane"
              ]
            }
          }
        },
        {
          "effect": {
            "type": "minecraft:spawn_particles",
            "particle": {
              "type": "minecraft:electric_spark"
            },
            "horizontal_position": {
              "type": "in_bounding_box",
              "offset": 0
            },
            "vertical_position": {
              "type": "in_bounding_box",
              "offset": 0
            },
            "horizontal_velocity": {
              "base": 0
            },
            "vertical_velocity": {
              "base": 0
            },
            "speed": 0.3
          }
        }
      ]
    }
  }
  