{
    "description": "Leech",
    "supported_items": "#minecraft:enchantable/weapon",
    "primary_items": "#minecraft:enchantable/sword",
    "weight": 2,
    "max_level": 1,
    "min_cost": {
      "base": 10,
      "per_level_above_first": 20
    },
    "max_cost": {
      "base": 60,
      "per_level_above_first": 20
    },
    "anvil_cost": 4,
    "slots": [
      "mainhand"
    ],
    "effects": {
      "minecraft:post_attack": [
        {
          "enchanted": "attacker",
          "affected": "attacker",
          "effect": {
            "type": "minecraft:apply_mob_effect",
            "to_apply": "minecraft:regeneration",
            "min_duration": 3,
            "max_duration": 3,
            "min_amplifier": 1,
            "max_amplifier": 1
          }
        }
      ]
    }
  }
  