{
  "description": "Pufferfish",
  "exclusive_set": "#enchantencore:exclusive_set/pufferfish",
  "supported_items": "#minecraft:enchantable/trident",
  "weight": 2,
  "max_level": 1,
  "min_cost": {
    "base": 17,
    "per_level_above_first": 7
  },
  "max_cost": {
    "base": 50,
    "per_level_above_first": 0
  },
  "anvil_cost": 4,
  "slots": [
    "hand"
  ],
  "effects": {
    "minecraft:post_attack": [
      {
        "enchanted": "attacker",
        "affected": "victim",
        "effect": {
          "type": "minecraft:summon_entity",
          "entity": "minecraft:pufferfish"
        },
        "requirements": [
          {
            "condition": "minecraft:random_chance",
            "chance": 0.5
          },
          {
            "condition": "minecraft:entity_properties",
            "entity": "this",
            "predicate": {
              "location": {
                "block": {
                  "blocks": "minecraft:water"
                }
              }
            }
          }
        ]
      }
    ]
  }
}
