{
    "description": "Scholar of Blocks",
    "exclusive_set": "#enchantencore:exclusive_set/exp",
    "supported_items": "#enchantencore:all_tools",
    "weight": 5,
    "max_level": 3,
    "min_cost": {
      "base": 5,
      "per_level_above_first": 8
    },
    "max_cost": {
      "base": 55,
      "per_level_above_first": 8
    },
    "anvil_cost": 2,
    "slots": [
      "mainhand"
    ],
    "effects": {
      "minecraft:block_experience": [
        {
          "effect": {
            "type": "minecraft:multiply",
            "factor": {
              "type": "minecraft:linear",
              "base": 1.5,
              "per_level_above_first": 1
            }
          }
        }
      ]
    }
  }
  