{
  "type": "minecraft:chest",
  "pools": [
    {
      "bonus_rolls": 0.0,
      "entries": [
        {
          "type": "minecraft:item",
          "functions": [
            {
              "function": "set_count",
              "count": {
                "max": 2,
                "min": 1,
                "type": "uniform"
              }
            }
          ],
          "name": "minecraft:cobweb",
          "weight": 5
        },
        {
          "type": "minecraft:item",
          "functions": [
            {
              "function": "set_count",
              "count": {
                "max": 2,
                "min": 1,
                "type": "uniform"
              }
            }
          ],
          "name": "minecraft:slime_block",
          "weight": 5
        },
        {
          "type": "minecraft:item",
          "functions": [
            {
              "function": "set_count",
              "count": {
                "max": 2,
                "min": 1,
                "type": "uniform"
              }
            }
          ],
          "name": "minecraft:stone",
          "weight": 5
        },
        {
          "type": "minecraft:item",
          "functions": [
            {
              "function": "set_count",
              "count": {
                "max": 2,
                "min": 1,
                "type": "uniform"
              }
            }
          ],
          "name": "minecraft:glowstone_dust",
          "weight": 5
        },
        {
          "type": "minecraft:item",
          "functions": [
            {
              "function": "set_count",
              "count": {
                "max": 2,
                "min": 1,
                "type": "uniform"
              }
            }
          ],
          "name": "minecraft:redstone",
          "weight": 10
        },
        {
          "type": "minecraft:item",
          "functions": [
            {
              "function": "set_count",
              "count": {
                "max": 3,
                "min": 1,
                "type": "uniform"
              }
            }
          ],
          "name": "minecraft:gunpowder",
          "weight": 10
        },
        {
          "type": "minecraft:item",
          "functions": [
            {
              "function": "set_count",
              "count": {
                "max": 2,
                "min": 1,
                "type": "uniform"
              }
            }
          ],
          "name": "minecraft:fermented_spider_eye",
          "weight": 10
        }
      ],
      "rolls": 2.0
    },
    {
      "bonus_rolls": 0.0,
      "entries": [
        {
          "type": "minecraft:item",
          "functions": [
            {
              "amplifier": {
                "type": "minecraft:uniform",
                "max": 4.0,
                "min": 0.0
              },
              "function": "minecraft:set_ominous_bottle_amplifier"
            }
          ],
          "name": "minecraft:ominous_bottle",
          "weight": 1
        },
        {
          "type": "minecraft:item",
          "name": "potion",
          "functions": [
            {
              "function": "set_potion",
              "id": "strength"
            }
          ],
          "weight": 1
        },
        {
          "type": "minecraft:item",
          "name": "potion",
          "functions": [
            {
              "function": "set_potion",
              "id": "healing"
            }
          ],
          "weight": 1
        },
        {
          "type": "minecraft:item",
          "name": "potion",
          "functions": [
            {
              "function": "set_potion",
              "id": "strong_regeneration"
            }
          ],
          "weight": 1
        }
      ],
      "rolls": 2.0
    },
    {
      "bonus_rolls": 0.0,
      "entries": [
        {
          "type": "minecraft:item",
          "name": "splash_potion",
          "functions": [
            {
              "function": "set_potion",
              "id": "weakness"
            }
          ],
          "weight": 5
        },
        {
          "type": "minecraft:item",
          "name": "splash_potion",
          "functions": [
            {
              "function": "set_potion",
              "id": "slowness"
            }
          ],
          "weight": 5
        },
        {
          "type": "minecraft:item",
          "name": "splash_potion",
          "functions": [
            {
              "function": "set_potion",
              "id": "infested"
            }
          ],
          "weight": 5
        },
        {
          "type": "minecraft:item",
          "name": "splash_potion",
          "functions": [
            {
              "function": "set_potion",
              "id": "oozing"
            }
          ],
          "weight": 5
        },
        {
          "type": "minecraft:item",
          "name": "splash_potion",
          "functions": [
            {
              "function": "set_potion",
              "id": "weaving"
            }
          ],
          "weight": 5
        },
        {
          "type": "minecraft:item",
          "functions": [
            {
              "options": "nova_structures:antidote",
              "function": "minecraft:enchant_randomly"
            }
          ],
          "name": "minecraft:book"
        }
      ],
      "rolls": 2.0
    }
  ],
  "functions": [
    {
      "function": "minecraft:reference",
      "name": "nova_structures:loot_modifier"
    }
  ]
}