{
  "type": "minecraft:chest",
  "pools": [
    {
      "bonus_rolls": 0.0,
      "entries": [
        {
          "type": "minecraft:loot_table",
          "value": "nova_structures:special_items/levitation_arrow",
          "weight": 5
        },
        {
          "type": "minecraft:item",
          "name": "minecraft:golden_apple",
          "weight": 5
        },
        {
          "type": "minecraft:item",
          "name": "potion",
          "functions": [
            {
              "function": "set_potion",
              "id": "strong_strength"
            }
          ]
        },
        {
          "type": "minecraft:item",
          "name": "potion",
          "functions": [
            {
              "function": "set_potion",
              "id": "strong_leaping"
            }
          ]
        },
        {
          "type": "minecraft:item",
          "name": "potion",
          "functions": [
            {
              "function": "set_potion",
              "id": "healing"
            }
          ]
        },
        {
          "type": "minecraft:item",
          "name": "minecraft:enchanted_golden_apple"
        },
        {
          "type": "minecraft:item",
          "name": "minecraft:iron_ingot",
          "functions": [
            {
              "function": "set_count",
              "count": {
                "max": 2,
                "min": 1,
                "type": "uniform"
              }
            }
          ]
        },
        {
          "type": "minecraft:item",
          "name": "minecraft:apple",
          "functions": [
            {
              "function": "set_count",
              "count": {
                "max": 3,
                "min": 2,
                "type": "uniform"
              }
            }
          ],
          "weight": 5
        },
        {
          "type": "minecraft:item",
          "functions": [
            {
              "options": "nova_structures:gravity",
              "function": "minecraft:enchant_randomly"
            }
          ],
          "name": "minecraft:book"
        }
      ],
      "rolls": {
        "min": 1,
        "max": 2,
        "type": "minecraft:uniform"
      }
    }
  ],
  "functions": [
    {
      "function": "minecraft:reference",
      "name": "nova_structures:loot_modifier"
    }
  ]
}