{
  "description": {
    "translate": "enchantment.minecraft.efficiency"
  },
  "supported_items": "#minecraft:enchantable/mining",
  "weight": 6,
  "max_level": 10,
  "min_cost": {
    "base": 1,
    "per_level_above_first": 2
  },
  "max_cost": {
    "base": 51,
    "per_level_above_first": 3
  },
  "anvil_cost": 1,
  "slots": [
    "mainhand"
  ],
  "effects": {
    "minecraft:attributes": [
      {
        "id": "minecraft:efficiency",
        "attribute": "minecraft:player.mining_efficiency",
        "amount": {
          "type": "minecraft:levels_squared",
          "added": 1
        },
        "operation": "add_value"
      }
    ]
  }
}
