{
  "pools": [
    {
      "rolls": 1,
      "entries": [
        {
          "type": "minecraft:item",
          "functions": [
            {
              "function": "minecraft:set_name",
              "name": {
                "text": "Arrow of Nausea"
              },
              "target": "item_name"
            },
            {
              "function": "minecraft:set_components",
              "components": {
                "minecraft:potion_contents": {
                  "custom_color": 5578058,
                  "custom_effects": [
                    {
                      "id": "minecraft:nausea",
                      "duration": 200
                    }
                  ]
                }
              }
            },
            {
              "function": "set_count",
              "count": {
                "min": 4,
                "max": 8,
                "type": "uniform"
              }
            }
          ],
          "name": "minecraft:tipped_arrow",
          "weight": 5
        }
      ]
    }
  ],
  "functions": [
    {
      "function": "minecraft:reference",
      "name": "nova_structures:loot_modifier"
    }
  ]
}
